Date,Market Cap,Total Debt,Tax Rate
2019-01-02,6993.912224681091,1440.0,0.16
2019-01-03,6993.912224681091,1440.0,0.16
2019-01-04,6993.912224681091,1440.0,0.16
2019-01-07,6993.912224681091,1440.0,0.16
2019-01-08,7090.555527322388,1440.0,0.16
2019-01-09,7169.784890528869,1440.0,0.16
2019-01-10,7156.723710734558,1440.0,0.16
2019-01-11,7145.4074059310915,1440.0,0.16
2019-01-14,7119.284321124268,1440.0,0.16
2019-01-15,7117.5474235336305,1440.0,0.16
2019-01-16,7053.118313366699,1440.0,0.16
2019-01-17,7118.415509719849,1440.0,0.16
2019-01-18,7270.778777156067,1440.0,0.16
2019-01-22,7154.983187052918,1440.0,0.16
2019-01-23,7176.749160910034,1440.0,0.16
2019-01-24,7226.376567601013,1440.0,0.16
2019-01-25,7329.985591059875,1440.0,0.16
2019-01-28,7337.820848500061,1440.0,0.16
2019-01-29,7403.119495289612,1440.0,0.16
2019-01-30,7479.73517210083,1440.0,0.16
2019-01-31,7475.379511587525,1440.0,0.16
2019-02-01,7552.867625894165,1440.0,0.16
2019-02-04,7599.012534785462,1440.0,0.16
2019-02-05,7757.471986416626,1440.0,0.16
2019-02-06,7804.484981494141,1440.0,0.16
2019-02-07,7900.258022294617,1440.0,0.16
2019-02-08,7956.84969936676,1440.0,0.16
2019-02-11,7967.2957423294065,1440.0,0.16
2019-02-12,8100.5052718673705,1440.0,0.16
2019-02-13,8164.064120193481,1440.0,0.16
2019-02-14,7982.100346678161,1440.0,0.16
2019-02-15,7971.650677624511,1440.0,0.16
2019-02-19,7663.442370170594,1440.0,0.16
2019-02-20,7609.213381668946,1440.0,0.16
2019-02-21,7633.440518386718,1440.0,0.16
2019-02-22,7760.621815930176,1440.0,0.16
2019-02-25,7674.102298832519,1440.0,0.16
2019-02-26,7668.912107903809,1440.0,0.16
2019-02-27,7823.779708571289,1440.0,0.16
2019-02-28,7783.115045486817,1440.0,0.16
2019-03-01,7890.396046958985,1440.0,0.16
2019-03-04,7803.015341558105,1440.0,0.16
2019-03-05,7781.386182943359,1440.0,0.16
2019-03-06,7738.125703734863,1440.0,0.16
2019-03-07,7610.9465681704105,1440.0,0.16
2019-03-08,7611.811359771973,1440.0,0.16
2019-03-11,7663.72119631543,1440.0,0.16
2019-03-12,7683.6200510673825,1440.0,0.16
2019-03-13,7755.428021703125,1440.0,0.16
2019-03-14,7703.361802011719,1440.0,0.16
2019-03-15,7672.12264672461,1440.0,0.16
2019-03-18,7714.643008454102,1440.0,0.16
2019-03-19,7698.154315250977,1440.0,0.16
2019-03-20,7613.979824712891,1440.0,0.16
2019-03-21,7714.643008454102,1440.0,0.16
2019-03-22,7568.855719603027,1440.0,0.16
2019-03-25,7588.81510976709,1440.0,0.16
2019-03-26,7672.988879645508,1440.0,0.16
2019-03-27,7653.899325700683,1440.0,0.16
2019-03-28,7794.481289770019,1440.0,0.16
2019-03-29,7871.715107045899,1440.0,0.16
2019-04-01,8039.197134541504,1440.0,0.16
2019-04-02,8020.104697958008,1440.0,0.16
2019-04-03,8112.960254856445,1440.0,0.16
2019-04-04,8167.629497268555,1440.0,0.16
2019-04-05,8237.05208440332,1440.0,0.16
2019-04-08,8191.926537974121,1440.0,0.16
2019-04-09,8112.960254856445,1440.0,0.16
2019-04-10,8099.074584374023,1440.0,0.16
2019-04-11,8137.256574902343,1440.0,0.16
2019-04-12,8206.678441377442,1440.0,0.16
2019-04-15,8163.291126067383,1440.0,0.16
2019-04-16,8148.537060685058,1440.0,0.16
2019-04-17,8148.537060685058,1440.0,0.16
2019-04-18,8135.521947081543,1440.0,0.16
2019-04-22,8153.746709424805,1440.0,0.16
2019-04-23,8329.906199982423,1440.0,0.16
2019-04-24,8287.382955614257,1440.0,0.16
2019-04-25,8379.370117612792,1440.0,0.16
2019-04-26,8531.231846805176,1440.0,0.16
2019-04-29,8493.566212009277,1440.0,0.16
2019-04-30,8564.33870322583,1440.0,0.16
2019-05-01,8547.940207904297,1440.0,0.16
2019-05-02,8537.583904792236,1440.0,0.16
2019-05-03,8819.810904128173,1440.0,0.16
2019-05-06,8736.954745241455,1440.0,0.16
2019-05-07,8575.558688616944,1440.0,0.16
2019-05-08,8598.001526394288,1440.0,0.16
2019-05-09,8639.426738842529,1440.0,0.16
2019-05-10,8654.963702131348,1440.0,0.16
2019-05-13,8550.531254741454,1440.0,0.16
2019-05-14,8579.011267486816,1440.0,0.16
2019-05-15,8667.90746833667,1440.0,0.16
2019-05-16,8792.193140164307,1440.0,0.16
2019-05-17,8671.361480704101,1440.0,0.16
2019-05-20,8629.07043573047,1440.0,0.16
2019-05-21,8758.533900739747,1440.0,0.16
2019-05-22,8624.754174581543,1440.0,0.16
2019-05-23,8553.120151332276,1440.0,0.16
2019-05-24,8568.654247625976,1440.0,0.16
2019-05-28,8528.952099243164,1440.0,0.16
2019-05-29,8440.05661514209,1440.0,0.16
2019-05-30,8585.915708477783,1440.0,0.16
2019-05-31,8376.186414670166,1440.0,0.16
2019-06-03,8596.272728338623,1440.0,0.16
2019-06-04,8667.044502806397,1440.0,0.16
2019-06-05,8916.475228248048,1440.0,0.16
2019-06-06,8950.134467672608,1440.0,0.16
2019-06-07,8988.109968246094,1440.0,0.16
2019-06-10,9108.942344455078,1440.0,0.16
2019-06-11,9062.33503833252,1440.0,0.16
2019-06-12,9022.634323447266,1440.0,0.16
2019-06-13,9112.627866678222,1440.0,0.16
2019-06-14,9174.063271546875,1440.0,0.16
2019-06-17,9055.518040692627,1440.0,0.16
2019-06-18,9185.312643637939,1440.0,0.16
2019-06-19,9272.710839539062,1440.0,0.16
2019-06-20,9367.89364393213,1440.0,0.16
2019-06-21,9331.550897077881,1440.0,0.16
2019-06-24,9335.877192709717,1440.0,0.16
2019-06-25,9308.189187365479,1440.0,0.16
2019-06-26,9337.616532852173,1440.0,0.16
2019-06-27,9412.026733268554,1440.0,0.16
2019-06-28,9566.051745446777,1440.0,0.16
2019-07-01,9649.98517774878,1440.0,0.16
2019-07-02,9540.959087432373,1440.0,0.16
2019-07-03,9562.589848842774,1440.0,0.16
2019-07-05,9582.401130606078,1440.0,0.16
2019-07-08,9516.730111697021,1440.0,0.16
2019-07-09,9533.169461698975,1440.0,0.16
2019-07-10,9414.248369617675,1440.0,0.16
2019-07-11,9382.341228307618,1440.0,0.16
2019-07-12,9552.162152098022,1440.0,0.16
2019-07-15,9584.222760499511,1440.0,0.16
2019-07-16,9585.955142299072,1440.0,0.16
2019-07-17,9416.35302890039,1440.0,0.16
2019-07-18,9470.000958281982,1440.0,0.16
2019-07-19,9309.917985421143,1440.0,0.16
2019-07-22,9347.127281549561,1440.0,0.16
2019-07-23,9417.218144677003,1440.0,0.16
2019-07-24,9364.433897574463,1440.0,0.16
2019-07-25,9069.360609867188,1440.0,0.16
2019-07-26,9108.298704051269,1440.0,0.16
2019-07-29,8918.92382053186,1440.0,0.16
2019-07-30,8967.950084636108,1440.0,0.16
2019-07-31,8905.165149273682,1440.0,0.16
2019-08-01,8813.998724538575,1440.0,0.16
2019-08-02,8758.092768602904,1440.0,0.16
2019-08-05,8573.17887703833,1440.0,0.16
2019-08-06,8586.080525486816,1440.0,0.16
2019-08-07,8639.4822991333,1440.0,0.16
2019-08-08,8412.10457263623,1440.0,0.16
2019-08-09,8562.283526916504,1440.0,0.16
2019-08-12,8340.95917863086,1440.0,0.16
2019-08-13,8382.241604047364,1440.0,0.16
2019-08-14,8091.5384696331785,1440.0,0.16
2019-08-15,8146.581703521851,1440.0,0.16
2019-08-16,8207.649031241577,1440.0,0.16
2019-08-19,8303.975402951415,1440.0,0.16
2019-08-20,8170.663118348145,1440.0,0.16
2019-08-21,8210.227223717286,1440.0,0.16
2019-08-22,8230.010701211182,1440.0,0.16
2019-08-23,8034.774066078491,1440.0,0.16
2019-08-26,8086.377810253784,1440.0,0.16
2019-08-27,8064.875300307861,1440.0,0.16
2019-08-28,8109.597215437744,1440.0,0.16
2019-08-29,8239.4707227323,1440.0,0.16
2019-08-30,8149.384649438232,1440.0,0.16
2019-09-03,8030.423833758545,1440.0,0.16
2019-09-04,8322.035573565308,1440.0,0.16
2019-09-05,8482.008890279907,1440.0,0.16
2019-09-06,8307.603472729981,1440.0,0.16
2019-09-09,8195.380927347656,1440.0,0.16
2019-09-10,8222.158533805665,1440.0,0.16
2019-09-11,8420.614773171998,1440.0,0.16
2019-09-12,8629.081983355347,1440.0,0.16
2019-09-13,8817.082724325073,1440.0,0.16
2019-09-16,8807.597056236084,1440.0,0.16
2019-09-17,8758.44042207849,1440.0,0.16
2019-09-18,8823.118216630737,1440.0,0.16
2019-09-19,8807.597056236084,1440.0,0.16
2019-09-20,8743.89936833789,1440.0,0.16
2019-09-23,8723.944363482544,1440.0,0.16
2019-09-24,8761.02573860083,1440.0,0.16
2019-09-25,8783.449387776123,1440.0,0.16
2019-09-26,8853.304939419677,1440.0,0.16
2019-09-27,8839.50494869104,1440.0,0.16
2019-09-30,8938.68022664856,1440.0,0.16
2019-10-01,8718.77016841455,1440.0,0.16
2019-10-02,8644.60314375,1440.0,0.16
2019-10-03,8718.77016841455,1440.0,0.16
2019-10-04,8834.425729156494,1440.0,0.16
2019-10-07,8771.152792175293,1440.0,0.16
2019-10-08,8824.844373129394,1440.0,0.16
2019-10-09,8713.595260941895,1440.0,0.16
2019-10-10,8684.273397413941,1440.0,0.16
2019-10-11,8749.81533882251,1440.0,0.16
2019-10-14,8662.713182690308,1440.0,0.16
2019-10-15,8778.27519270813,1440.0,0.16
2019-10-16,8917.981309162598,1440.0,0.16
2019-10-17,8980.074499597167,1440.0,0.16
2019-10-18,8964.550489583862,1440.0,0.16
2019-10-21,9057.688850426392,1440.0,0.16
2019-10-22,9076.663748627685,1440.0,0.16
2019-10-23,9000.769855059814,1440.0,0.16
2019-10-24,9801.933015119628,1440.0,0.16
2019-10-25,9773.474586043334,1440.0,0.16
2019-10-28,9896.12901502533,1440.0,0.16
2019-10-29,9905.56727500763,1440.0,0.16
2019-10-30,9998.249938865662,1440.0,0.16
2019-10-31,9957.914385708618,1440.0,0.16
2019-11-01,10142.416276391601,1440.0,0.16
2019-11-04,10137.26755457611,1440.0,0.16
2019-11-05,9866.072716690429,1440.0,0.16
2019-11-06,9822.263600487304,1440.0,0.16
2019-11-07,9891.83805906372,1440.0,0.16
2019-11-08,9684.166259346008,1440.0,0.16
2019-11-11,9925.30439641571,1440.0,0.16
2019-11-12,9842.923429573058,1440.0,0.16
2019-11-13,10016.267275181579,1440.0,0.16
2019-11-14,10233.703357001954,1440.0,0.16
2019-11-15,10263.380302377807,1440.0,0.16
2019-11-18,10161.294923048401,1440.0,0.16
2019-11-19,10229.945965049743,1440.0,0.16
2019-11-20,10083.20420326996,1440.0,0.16
2019-11-21,10170.7360186203,1440.0,0.16
2019-11-22,10216.217458003235,1440.0,0.16
2019-11-25,10281.436018794251,1440.0,0.16
2019-11-26,10483.102442221068,1440.0,0.16
2019-11-27,10431.609552886963,1440.0,0.16
2019-11-29,10300.31395655365,1440.0,0.16
2019-12-02,10328.63157209015,1440.0,0.16
2019-12-03,10313.187533335877,1440.0,0.16
2019-12-04,10451.350218782043,1440.0,0.16
2019-12-05,10495.113999765015,1440.0,0.16
2019-12-06,10554.324655091857,1440.0,0.16
2019-12-09,10648.721432862854,1440.0,0.16
2019-12-10,10648.721432862854,1440.0,0.16
2019-12-11,10786.02493466034,1440.0,0.16
2019-12-12,10681.331422155761,1440.0,0.16
2019-12-13,10556.043022389222,1440.0,0.16
2019-12-16,10463.159031669617,1440.0,0.16
2019-12-17,10623.983749195862,1440.0,0.16
2019-12-18,10794.260088984374,1440.0,0.16
2019-12-19,10636.886390771484,1440.0,0.16
2019-12-20,10681.607183244323,1440.0,0.16
2019-12-23,10614.524931188966,1440.0,0.16
2019-12-24,10653.226475839234,1440.0,0.16
2019-12-26,10719.44812645111,1440.0,0.16
2019-12-27,10715.147954823304,1440.0,0.16
2019-12-30,10674.727333978271,1440.0,0.16
2019-12-31,10710.847074298095,1435.0,0.154
2020-01-02,10783.952118663025,1435.0,0.154
2020-01-03,10650.64538040619,1435.0,0.154
2020-01-06,10630.866434051513,1435.0,0.154
2020-01-07,10635.037915001953,1435.0,0.154
2020-01-08,10700.196080378722,1435.0,0.154
2020-01-09,10485.143653242187,1435.0,0.154
2020-01-10,10532.931350380737,1435.0,0.154
2020-01-13,10720.308018997192,1435.0,0.154
2020-01-14,10726.328684614564,1435.0,0.154
2020-01-15,10777.930744148254,1435.0,0.154
2020-01-16,11052.28112688446,1435.0,0.154
2020-01-17,11012.72039858551,1435.0,0.154
2020-01-21,10934.456707841491,1435.0,0.154
2020-01-22,11133.122368574524,1435.0,0.154
2020-01-23,11163.225696661377,1435.0,0.154
2020-01-24,11008.420226957702,1435.0,0.154
2020-01-27,10980.038810655213,1435.0,0.154
2020-01-28,11132.266729412842,1435.0,0.154
2020-01-29,11250.951041001892,1435.0,0.154
2020-01-30,11237.189924674987,1435.0,0.154
2020-01-31,11121.944474372864,1435.0,0.154
2020-02-03,11367.91273190918,1435.0,0.154
2020-02-04,11631.942986297607,1435.0,0.154
2020-02-05,11462.512963233949,1435.0,0.154
2020-02-06,11387.694513853454,1435.0,0.154
2020-02-07,11452.620668334961,1435.0,0.154
2020-02-10,11729.12431305542,1435.0,0.154
2020-02-11,11858.99148112793,1435.0,0.154
2020-02-12,12049.414547954346,1435.0,0.154
2020-02-13,11898.110958362304,1435.0,0.154
2020-02-14,11945.854097332764,1435.0,0.154
2020-02-18,11555.400498440551,1435.0,0.154
2020-02-19,11280.190932055664,1435.0,0.154
2020-02-20,11129.534444229126,1435.0,0.154
2020-02-21,11020.681244291749,1435.0,0.154
2020-02-24,10880.971574144898,1435.0,0.154
2020-02-25,10628.125987639527,1435.0,0.154
2020-02-26,10598.98415826709,1435.0,0.154
2020-02-27,10129.289139062623,1435.0,0.154
2020-02-28,9855.874220884278,1435.0,0.154
2020-03-02,10358.995905339478,1435.0,0.154
2020-03-03,10228.713580610596,1435.0,0.154
2020-03-04,10658.12549067334,1435.0,0.154
2020-03-05,10088.878132246582,1435.0,0.154
2020-03-06,10268.141135548096,1435.0,0.154
2020-03-09,9627.693445385743,1435.0,0.154
2020-03-10,10147.290395151489,1435.0,0.154
2020-03-11,9837.873671281128,1435.0,0.154
2020-03-12,8861.628392433106,1435.0,0.154
2020-03-13,9583.31061799585,1435.0,0.154
2020-03-16,8398.828673834107,1435.0,0.154
2020-03-17,8819.155884052001,1435.0,0.154
2020-03-18,8310.293296654174,1435.0,0.154
2020-03-19,8093.682656127686,1435.0,0.154
2020-03-20,7120.653300266968,1435.0,0.154
2020-03-23,6756.197806553467,1435.0,0.154
2020-03-24,7299.4415214067385,1435.0,0.154
2020-03-25,7688.826070157593,1435.0,0.154
2020-03-26,8318.888401896607,1435.0,0.154
2020-03-27,7875.353842335571,1435.0,0.154
2020-03-30,8166.746702574097,1435.0,0.154
2020-03-31,7909.73355681958,1430.0,0.15
2020-04-01,7271.075413352417,1430.0,0.15
2020-04-02,7256.463875737427,1430.0,0.15
2020-04-03,7223.801628033325,1430.0,0.15
2020-04-06,8122.046644724854,1430.0,0.15
2020-04-07,7972.482911786499,1430.0,0.15
2020-04-08,8135.801215164184,1430.0,0.15
2020-04-09,8196.83169037976,1430.0,0.15
2020-04-13,8232.071197982299,1430.0,0.15
2020-04-14,8416.879383923218,1430.0,0.15
2020-04-15,8119.469384826416,1430.0,0.15
2020-04-16,8078.211325394165,1430.0,0.15
2020-04-17,8391.951035371581,1430.0,0.15
2020-04-20,8075.631946038574,1430.0,0.15
2020-04-21,7801.428589799194,1430.0,0.15
2020-04-22,7991.395534451294,1430.0,0.15
2020-04-23,8177.060687567871,1430.0,0.15
2020-04-24,8300.838398293214,1430.0,0.15
2020-04-27,8480.758068159485,1430.0,0.15
2020-04-28,8699.048611914062,1430.0,0.15
2020-04-29,8762.393009086609,1430.0,0.15
2020-04-30,8606.595525514222,1430.0,0.15
2020-05-01,8344.648280177307,1430.0,0.15
2020-05-04,8111.806206146241,1430.0,0.15
2020-05-05,8281.298957914734,1430.0,0.15
2020-05-06,8388.304981759644,1430.0,0.15
2020-05-07,8572.352078141785,1430.0,0.15
2020-05-08,8754.688761116027,1430.0,0.15
2020-05-11,8704.181962890625,1430.0,0.15
2020-05-12,8536.40032811432,1430.0,0.15
2020-05-13,8017.642706338501,1430.0,0.15
2020-05-14,8009.936347615051,1430.0,0.15
2020-05-15,7956.008018989563,1430.0,0.15
2020-05-18,8207.681526530456,1430.0,0.15
2020-05-19,8068.146690226746,1430.0,0.15
2020-05-20,8332.662721804809,1430.0,0.15
2020-05-21,8046.7464704757695,1430.0,0.15
2020-05-22,8071.570331379699,1430.0,0.15
2020-05-26,8358.344955541992,1430.0,0.15
2020-05-27,8477.332316253662,1430.0,0.15
2020-05-28,8552.664382551575,1430.0,0.15
2020-05-29,8534.688507537841,1430.0,0.15
2020-06-01,8616.01229764557,1430.0,0.15
2020-06-02,8561.22418901825,1430.0,0.15
2020-06-03,8991.810034796143,1430.0,0.15
2020-06-04,9081.695742123413,1430.0,0.15
2020-06-05,9874.385464024353,1430.0,0.15
2020-06-08,9890.650925630189,1430.0,0.15
2020-06-09,9612.437515103149,1430.0,0.15
2020-06-10,9332.511580415345,1430.0,0.15
2020-06-11,8693.910335847473,1430.0,0.15
2020-06-12,8766.675023072816,1430.0,0.15
2020-06-15,8814.761491342164,1430.0,0.15
2020-06-16,8976.203128085328,1430.0,0.15
2020-06-17,8952.15743140564,1430.0,0.15
2020-06-18,8843.957425021363,1430.0,0.15
2020-06-19,8822.491068347168,1430.0,0.15
2020-06-22,8819.055466261292,1430.0,0.15
2020-06-23,8815.619864175414,1430.0,0.15
2020-06-24,8400.860443406676,1430.0,0.15
2020-06-25,8415.457706661988,1430.0,0.15
2020-06-26,8333.879219041442,1430.0,0.15
2020-06-29,8569.166952062988,1430.0,0.15
2020-06-30,8777.837387826537,1425.0,0.15
2020-07-01,8749.500530564881,1425.0,0.15
2020-07-02,8792.434651081849,1425.0,0.15
2020-07-06,8928.113141894532,1425.0,0.15
2020-07-07,8763.239420986938,1425.0,0.15
2020-07-08,8801.023304504395,1425.0,0.15
2020-07-09,8632.713277926636,1425.0,0.15
2020-07-10,8716.868291215515,1425.0,0.15
2020-07-13,8737.476275056457,1425.0,0.15
2020-07-14,8951.299058572387,1425.0,0.15
2020-07-15,9171.13045192108,1425.0,0.15
2020-07-16,9223.513005862427,1425.0,0.15
2020-07-17,9175.42442684021,1425.0,0.15
2020-07-20,9233.817701367187,1425.0,0.15
2020-07-21,9430.464585206604,1425.0,0.15
2020-07-22,9583.316161358642,1425.0,0.15
2020-07-23,8807.032617921448,1425.0,0.15
2020-07-24,8674.791136363221,1425.0,0.15
2020-07-27,8707.807704458619,1425.0,0.15
2020-07-28,8460.46313150177,1425.0,0.15
2020-07-29,8435.556201013183,1425.0,0.15
2020-07-30,8380.590662168885,1425.0,0.15
2020-07-31,8542.051184858703,1425.0,0.15
2020-08-03,8627.077443113709,1425.0,0.15
2020-08-04,8537.758706373595,1425.0,0.15
2020-08-05,8626.219651101685,1425.0,0.15
2020-08-06,8519.721852516175,1425.0,0.15
2020-08-07,8597.878034140014,1425.0,0.15
2020-08-10,8787.682988531495,1425.0,0.15
2020-08-11,8945.710232118225,1425.0,0.15
2020-08-12,8946.568024130249,1425.0,0.15
2020-08-13,8819.45858828125,1425.0,0.15
2020-08-14,8722.40916815796,1425.0,0.15
2020-08-17,8782.529903294373,1425.0,0.15
2020-08-18,8639.102716036987,1425.0,0.15
2020-08-19,8649.408182826233,1425.0,0.15
2020-08-20,8531.747125439453,1425.0,0.15
2020-08-21,8611.619594772339,1425.0,0.15
2020-08-24,8837.494738453674,1425.0,0.15
2020-08-25,8767.069240213013,1425.0,0.15
2020-08-26,8799.706150399781,1425.0,0.15
2020-08-27,8866.694147427368,1425.0,0.15
2020-08-28,8931.967264115905,1425.0,0.15
2020-08-31,8879.578619732665,1425.0,0.15
2020-09-01,8768.786935292053,1425.0,0.15
2020-09-02,9000.676474647522,1425.0,0.15
2020-09-03,8624.501252337646,1425.0,0.15
2020-09-04,8560.088038716125,1425.0,0.15
2020-09-08,8416.662258828736,1425.0,0.15
2020-09-09,8475.923090898132,1425.0,0.15
2020-09-10,8331.638111628723,1425.0,0.15
2020-09-11,8414.084660682678,1425.0,0.15
2020-09-14,8514.56947096405,1425.0,0.15
2020-09-15,8695.51151281128,1425.0,0.15
2020-09-16,8946.243625346375,1425.0,0.15
2020-09-17,8959.167504011535,1425.0,0.15
2020-09-18,8896.268620504761,1425.0,0.15
2020-09-21,8483.65773783203,1425.0,0.15
2020-09-22,8462.871845248414,1425.0,0.15
2020-09-23,8217.310410075379,1425.0,0.15
2020-09-24,8239.711518287659,1425.0,0.15
2020-09-25,8378.435275021362,1425.0,0.15
2020-09-28,8548.173244337464,1425.0,0.15
2020-09-29,8544.725187849426,1425.0,0.15
2020-09-30,8522.324783322143,1420.0,0.15
2020-10-01,8486.998389074706,1420.0,0.15
2020-10-02,8514.56947096405,1420.0,0.15
2020-10-05,8685.170158087158,1420.0,0.15
2020-10-06,8690.340835449219,1420.0,0.15
2020-10-07,8750.65508395996,1420.0,0.15
2020-10-08,8934.181760803223,1420.0,0.15
2020-10-09,8960.02811076355,1420.0,0.15
2020-10-12,9284.861068281556,1420.0,0.15
2020-10-13,9050.50018721466,1420.0,0.15
2020-10-14,9002.249210617065,1420.0,0.15
2020-10-15,9031.544320750427,1420.0,0.15
2020-10-16,9046.190820289612,1420.0,0.15
2020-10-19,8954.858840771485,1420.0,0.15
2020-10-20,9072.900591741944,1420.0,0.15
2020-10-21,8952.272798405456,1420.0,0.15
2020-10-22,8785.9807745224,1420.0,0.15
2020-10-23,8845.705435348511,1420.0,0.15
2020-10-26,8670.305245727539,1420.0,0.15
2020-10-27,8534.456574928283,1420.0,0.15
2020-10-28,8285.111020202638,1420.0,0.15
2020-10-29,8435.577426773072,1420.0,0.15
2020-10-30,8469.110373596191,1420.0,0.15
2020-11-02,8727.912480545045,1420.0,0.15
2020-11-03,8948.882760986327,1420.0,0.15
2020-11-04,8731.350460769654,1420.0,0.15
2020-11-05,8953.180938468933,1420.0,0.15
2020-11-06,8841.40585346222,1420.0,0.15
2020-11-09,9618.67377597046,1420.0,0.15
2020-11-10,9900.691378059388,1420.0,0.15
2020-11-11,9660.804482162475,1420.0,0.15
2020-11-12,9470.785152366638,1420.0,0.15
2020-11-13,9801.812932106019,1420.0,0.15
2020-11-16,10168.091244377136,1420.0,0.15
2020-11-17,9927.344151222229,1420.0,0.15
2020-11-18,9849.961508094788,1420.0,0.15
2020-11-19,9812.989176643372,1420.0,0.15
2020-11-20,9715.831827407837,1420.0,0.15
2020-11-23,9815.56976841736,1420.0,0.15
2020-11-24,10041.69982800293,1420.0,0.15
2020-11-25,9905.848348396301,1420.0,0.15
2020-11-27,9825.887220100403,1420.0,0.15
2020-11-30,9805.252316734313,1420.0,0.15
2020-12-01,9887.7940368042,1420.0,0.15
2020-12-02,9762.262817687988,1420.0,0.15
2020-12-03,9782.037523796082,1420.0,0.15
2020-12-04,9848.24181578064,1420.0,0.15
2020-12-07,9647.905034301757,1420.0,0.15
2020-12-08,9726.149981292725,1420.0,0.15
2020-12-09,9574.823377464294,1420.0,0.15
2020-12-10,9513.777460220337,1420.0,0.15
2020-12-11,9421.778485725403,1420.0,0.15
2020-12-14,9431.235740150452,1420.0,0.15
2020-12-15,9632.158157966614,1420.0,0.15
2020-12-16,9589.039453781128,1420.0,0.15
2020-12-17,9728.736190681457,1420.0,0.15
2020-12-18,9808.933960998535,1420.0,0.15
2020-12-21,9726.148576889038,1420.0,0.15
2020-12-22,9691.65572014618,1420.0,0.15
2020-12-23,9723.562367500304,1420.0,0.15
2020-12-24,9746.845976219178,1420.0,0.15
2020-12-28,9875.33135848999,1420.0,0.15
2020-12-29,9790.825579864502,1420.0,0.15
2020-12-30,9911.55092956543,1420.0,0.15
2020-12-31,10035.724090316773,1415.0,0.148
2021-01-04,9871.883547439575,1415.0,0.148
2021-01-05,9890.852828033447,1415.0,0.148
2021-01-06,10115.91975402832,1415.0,0.148
2021-01-07,10382.379372077941,1415.0,0.148
2021-01-08,10346.159801002503,1415.0,0.148
2021-01-11,10376.341138427735,1415.0,0.148
2021-01-12,10337.535357963561,1415.0,0.148
2021-01-13,10090.051340324402,1415.0,0.148
2021-01-14,10027.101051681519,1415.0,0.148
2021-01-15,9865.845313789368,1415.0,0.148
2021-01-19,9891.715834098815,1415.0,0.148
2021-01-20,9846.875330993653,1415.0,0.148
2021-01-21,9920.172563796998,1415.0,0.148
2021-01-22,9796.860302505493,1415.0,0.148
2021-01-25,9665.788008644104,1415.0,0.148
2021-01-26,9594.215383567811,1415.0,0.148
2021-01-27,9670.961129623412,1415.0,0.148
2021-01-28,9526.954277809144,1415.0,0.148
2021-01-29,9227.726410743713,1415.0,0.148
2021-02-01,9513.155309387206,1415.0,0.148
2021-02-02,9562.307331809998,1415.0,0.148
2021-02-03,9608.873144844056,1415.0,0.148
2021-02-04,9646.81591924286,1415.0,0.148
2021-02-05,9812.382474250793,1415.0,0.148
2021-02-08,10091.775948051452,1415.0,0.148
2021-02-09,10065.043826080322,1415.0,0.148
2021-02-10,10167.658688041687,1415.0,0.148
2021-02-11,10271.13866267395,1415.0,0.148
2021-02-12,10197.842132072448,1415.0,0.148
2021-02-16,9469.177110145569,1415.0,0.148
2021-02-17,9291.38817845691,1415.0,0.148
2021-02-18,9207.230699159301,1415.0,0.148
2021-02-19,9270.985316456665,1415.0,0.148
2021-02-22,9265.03488550891,1415.0,0.148
2021-02-23,9248.03296199707,1415.0,0.148
2021-02-24,9293.938363148804,1415.0,0.148
2021-02-25,9146.024189856202,1415.0,0.148
2021-02-26,9247.184284898194,1415.0,0.148
2021-03-01,9495.408491668823,1415.0,0.148
2021-03-02,9588.064509908447,1415.0,0.148
2021-03-03,9533.660569814698,1415.0,0.148
2021-03-04,9384.89633495813,1415.0,0.148
2021-03-05,9632.269095699707,1415.0,0.148
2021-03-08,9902.596287598511,1415.0,0.148
2021-03-09,9728.330205822998,1415.0,0.148
2021-03-10,9856.692270911864,1415.0,0.148
2021-03-11,9775.932961172486,1415.0,0.148
2021-03-12,9970.602597180787,1415.0,0.148
2021-03-15,10042.008460786377,1415.0,0.148
2021-03-16,10345.5635070271,1415.0,0.148
2021-03-17,10450.441583062622,1415.0,0.148
2021-03-18,10400.988490123169,1415.0,0.148
2021-03-19,10225.335866562134,1415.0,0.148
2021-03-22,10270.526883728515,1415.0,0.148
2021-03-23,10171.61723668689,1415.0,0.148
2021-03-24,10372.849237211793,1415.0,0.148
2021-03-25,10528.888836105225,1415.0,0.148
2021-03-26,10807.715259178589,1415.0,0.148
2021-03-29,10767.639148279419,1415.0,0.148
2021-03-30,10683.224158475465,1415.0,0.148
2021-03-31,10711.362719154296,1410.0,0.15
2021-04-01,10892.983771709229,1410.0,0.15
2021-04-05,11087.394512746094,1410.0,0.15
2021-04-06,11212.738443943359,1410.0,0.15
2021-04-07,11200.80227818811,1410.0,0.15
2021-04-08,11157.31346084729,1410.0,0.15
2021-04-09,11228.940146634399,1410.0,0.15
2021-04-12,11222.118887146362,1410.0,0.15
2021-04-13,11028.55959213855,1410.0,0.15
2021-04-14,11105.299799727783,1410.0,0.15
2021-04-15,11130.027730662598,1410.0,0.15
2021-04-16,11341.491620419556,1410.0,0.15
2021-04-19,11284.362360800293,1410.0,0.15
2021-04-20,11293.740727305663,1410.0,0.15
2021-04-21,11348.317033302856,1410.0,0.15
2021-04-22,11462.246216706542,1410.0,0.15
2021-04-23,11496.872514690918,1410.0,0.15
2021-04-26,11088.311069577027,1410.0,0.15
2021-04-27,11639.57204530542,1410.0,0.15
2021-04-28,11542.32688903125,1410.0,0.15
2021-04-29,11603.21340366919,1410.0,0.15
2021-04-30,11363.064040208741,1410.0,0.15
2021-05-03,11505.967560916626,1410.0,0.15
2021-05-04,11619.275625121581,1410.0,0.15
2021-05-05,11520.343104956055,1410.0,0.15
2021-05-06,11851.816062067872,1410.0,0.15
2021-05-07,11943.985397100098,1410.0,0.15
2021-05-10,12053.912555216797,1410.0,0.15
2021-05-11,11816.304534769288,1410.0,0.15
2021-05-12,11448.466757715698,1410.0,0.15
2021-05-13,11771.48573341089,1410.0,0.15
2021-05-14,11859.424988582032,1410.0,0.15
2021-05-17,11747.806347703614,1410.0,0.15
2021-05-18,11600.6775524834,1410.0,0.15
2021-05-19,11640.416413729492,1410.0,0.15
2021-05-20,11637.883308457276,1410.0,0.15
2021-05-21,11627.731665973388,1410.0,0.15
2021-05-24,11730.895638956787,1410.0,0.15
2021-05-25,11774.017465726318,1410.0,0.15
2021-05-26,11759.646727035644,1410.0,0.15
2021-05-27,11853.50754482959,1410.0,0.15
2021-05-28,11878.874294428222,1410.0,0.15
2021-06-01,11784.169108210204,1410.0,0.15
2021-06-02,11697.919962843995,1410.0,0.15
2021-06-03,11664.09442647998,1410.0,0.15
2021-06-04,11739.35305276538,1410.0,0.15
2021-06-07,11669.16750180835,1410.0,0.15
2021-06-08,11753.726537369628,1410.0,0.15
2021-06-09,11676.77642832251,1410.0,0.15
2021-06-10,11724.976822247558,1410.0,0.15
2021-06-11,11728.358414814209,1410.0,0.15
2021-06-14,11695.384111658203,1410.0,0.15
2021-06-15,11742.011097105225,1410.0,0.15
2021-06-16,11795.423234994141,1410.0,0.15
2021-06-17,11577.534992879882,1410.0,0.15
2021-06-18,11415.606409973023,1410.0,0.15
2021-06-21,11680.120951055907,1410.0,0.15
2021-06-22,11758.121372045165,1410.0,0.15
2021-06-23,11712.340127979003,1410.0,0.15
2021-06-24,11760.661342101319,1410.0,0.15
2021-06-25,11771.683439188233,1410.0,0.15
2021-06-28,11812.379251314942,1410.0,0.15
2021-06-29,11800.508666933594,1410.0,0.15
2021-06-30,11809.832416474854,1400.0,0.15
2021-07-01,11886.98297721289,1400.0,0.15
2021-07-02,11872.569676861816,1400.0,0.15
2021-07-06,11747.096529044678,1400.0,0.15
2021-07-07,11870.874075229736,1400.0,0.15
2021-07-08,11658.927990090087,1400.0,0.15
2021-07-09,11722.510991857911,1400.0,0.15
2021-07-12,11709.793293138917,1400.0,0.15
2021-07-13,11363.892619629762,1400.0,0.15
2021-07-14,11519.0387960083,1400.0,0.15
2021-07-15,11641.971973769287,1400.0,0.15
2021-07-16,11742.011097105225,1400.0,0.15
2021-07-19,11522.429999272461,1400.0,0.15
2021-07-20,11983.62952432788,1400.0,0.15
2021-07-21,11909.025798429931,1400.0,0.15
2021-07-22,11527.514058255127,1400.0,0.15
2021-07-23,12190.180281860352,1400.0,0.15
2021-07-26,11667.191881607056,1400.0,0.15
2021-07-27,11553.099399182129,1400.0,0.15
2021-07-28,11459.28628375244,1400.0,0.15
2021-07-29,11451.680665719605,1400.0,0.15
2021-07-30,11544.645214804077,1400.0,0.15
2021-08-02,11482.950335540772,1400.0,0.15
2021-08-03,11646.90840864563,1400.0,0.15
2021-08-04,11449.14386294403,1400.0,0.15
2021-08-05,11603.805344274902,1400.0,0.15
2021-08-06,11624.087448580933,1400.0,0.15
2021-08-09,11524.364479153443,1400.0,0.15
2021-08-10,11534.506215634156,1400.0,0.15
2021-08-11,11592.81914741516,1400.0,0.15
2021-08-12,11586.903818795776,1400.0,0.15
2021-08-13,11663.811302780152,1400.0,0.15
2021-08-16,11829.458296643066,1400.0,0.15
2021-08-17,11839.60277043457,1400.0,0.15
2021-08-18,11828.613836264038,1400.0,0.15
2021-08-19,11850.587598638916,1400.0,0.15
2021-08-20,11711.986604046631,1400.0,0.15
2021-08-23,11755.085562451171,1400.0,0.15
2021-08-24,11865.79883470459,1400.0,0.15
2021-08-25,11928.340911657715,1400.0,0.15
2021-08-26,11835.373625262451,1400.0,0.15
2021-08-27,11957.921660720825,1400.0,0.15
2021-08-30,12092.300353417968,1400.0,0.15
2021-08-31,12169.205100091553,1400.0,0.15
2021-09-01,12216.533203668212,1400.0,0.15
2021-09-02,12483.600299649048,1400.0,0.15
2021-09-03,12519.095008676148,1400.0,0.15
2021-09-07,12098.212944726563,1400.0,0.15
2021-09-08,12241.890282180786,1400.0,0.15
2021-09-09,12109.20324755249,1400.0,0.15
2021-09-10,12217.380401358032,1400.0,0.15
2021-09-13,12023.842947845458,1400.0,0.15
2021-09-14,11794.8066793396,1400.0,0.15
2021-09-15,11965.123525411987,1400.0,0.15
2021-09-16,11964.272221755982,1400.0,0.15
2021-09-17,11730.408705670166,1400.0,0.15
2021-09-20,11630.424323062134,1400.0,0.15
2021-09-21,11465.196822077942,1400.0,0.15
2021-09-22,11555.01277942505,1400.0,0.15
2021-09-23,11745.661001397704,1400.0,0.15
2021-09-24,11637.206010546875,1400.0,0.15
2021-09-27,11599.071165261841,1400.0,0.15
2021-09-28,11404.18900782318,1400.0,0.15
2021-09-29,11457.56862123108,1400.0,0.15
2021-09-30,11199.983569830321,1395.0,0.15
2021-10-01,11224.556408801269,1395.0,0.15
2021-10-04,11037.297661915589,1395.0,0.15
2021-10-05,10988.99986599121,1395.0,0.15
2021-10-06,10957.64876117401,1395.0,0.15
2021-10-07,11145.754021421813,1395.0,0.15
2021-10-08,11138.12924221344,1395.0,0.15
2021-10-11,10939.007674687195,1395.0,0.15
2021-10-12,10876.3040963974,1395.0,0.15
2021-10-13,10923.754010304261,1395.0,0.15
2021-10-14,11215.234496902465,1395.0,0.15
2021-10-15,11362.67153072815,1395.0,0.15
2021-10-18,11424.52654267273,1395.0,0.15
2021-10-19,11415.204630773926,1395.0,0.15
2021-10-20,11595.689217779542,1395.0,0.15
2021-10-21,11144.059626042175,1395.0,0.15
2021-10-22,11313.487149179688,1395.0,0.15
2021-10-25,11109.284438046874,1395.0,0.15
2021-10-26,10972.016966797852,1395.0,0.15
2021-10-27,10794.07729738037,1395.0,0.15
2021-10-28,10841.52842335205,1395.0,0.15
2021-10-29,10871.184350596192,1395.0,0.15
2021-11-01,11004.213110073242,1395.0,0.15
2021-11-02,11116.906454791504,1395.0,0.15
2021-11-03,10963.542280555665,1395.0,0.15
2021-11-04,11106.742169039306,1395.0,0.15
2021-11-05,11134.703022169922,1395.0,0.15
2021-11-08,11186.388753960937,1395.0,0.15
2021-11-09,11266.88390242749,1395.0,0.15
2021-11-10,11238.077907379151,1395.0,0.15
2021-11-11,11219.436198083007,1395.0,0.15
2021-11-12,11454.145452981202,1395.0,0.15
2021-11-15,11357.549495575195,1395.0,0.15
2021-11-16,11494.81559817334,1395.0,0.15
2021-11-17,11563.447965146972,1395.0,0.15
2021-11-18,11432.96147467749,1395.0,0.15
2021-11-19,11337.214765141845,1395.0,0.15
2021-11-22,11233.839879932617,1395.0,0.15
2021-11-23,11188.083828074463,1395.0,0.15
2021-11-24,11186.388753960937,1395.0,0.15
2021-11-26,10961.846522116699,1395.0,0.15
2021-11-29,10903.381862522461,1395.0,0.15
2021-11-30,10476.330625008057,1395.0,0.15
2021-12-01,10404.307425481933,1395.0,0.15
2021-12-02,10882.198568544189,1395.0,0.15
2021-12-03,10949.137914380615,1395.0,0.15
2021-12-06,11150.799725156738,1395.0,0.15
2021-12-07,11162.665243951416,1395.0,0.15
2021-12-08,11225.36519369043,1395.0,0.15
2021-12-09,11090.641360099853,1395.0,0.15
2021-12-10,11105.045726274902,1395.0,0.15
2021-12-13,11054.20855802881,1395.0,0.15
2021-12-14,10983.879748290772,1395.0,0.15
2021-12-15,11045.732503135741,1395.0,0.15
2021-12-16,11152.495483595703,1395.0,0.15
2021-12-17,10866.165507823242,1395.0,0.15
2021-12-20,10556.890784391357,1395.0,0.15
2021-12-21,10736.16762571753,1395.0,0.15
2021-12-22,10726.822477516358,1395.0,0.15
2021-12-23,10814.334699039062,1395.0,0.15
2021-12-27,11009.754777481934,1395.0,0.15
2021-12-28,11135.502314283203,1395.0,0.15
2021-12-29,11246.807162684814,1395.0,0.15
2021-12-30,11177.986606215332,1395.0,0.15
2021-12-31,11252.75600372998,1390.0,0.124
2022-01-03,10991.06311242871,1390.0,0.124
2022-01-04,11249.356274946776,1390.0,0.124
2022-01-05,10986.814820100586,1390.0,0.124
2022-01-06,10881.4581284187,1390.0,0.124
2022-01-07,10759.108951749757,1390.0,0.124
2022-01-10,10628.261821773682,1390.0,0.124
2022-01-11,10842.374249595216,1390.0,0.124
2022-01-12,10839.824453007812,1390.0,0.124
2022-01-13,10715.778149249023,1390.0,0.124
2022-01-14,10574.733885899659,1390.0,0.124
2022-01-18,10526.304174549561,1390.0,0.124
2022-01-19,10444.738741095704,1390.0,0.124
2022-01-20,10259.514427375245,1390.0,0.124
2022-01-21,10304.545778593018,1390.0,0.124
2022-01-24,10497.417429099365,1390.0,0.124
2022-01-25,10253.566954980957,1390.0,0.124
2022-01-26,10228.927817533448,1390.0,0.124
2022-01-27,10239.124266581299,1390.0,0.124
2022-01-28,10298.59762187329,1390.0,0.124
2022-01-31,10427.745571783204,1390.0,0.124
2022-02-01,10195.791411104248,1390.0,0.124
2022-02-02,10211.084716025147,1390.0,0.124
2022-02-03,9865.277279008056,1390.0,0.124
2022-02-04,10132.067710507812,1390.0,0.124
2022-02-07,10234.875289927735,1390.0,0.124
2022-02-08,10341.930477350343,1390.0,0.124
2022-02-09,10635.90984288501,1390.0,0.124
2022-02-10,10254.417571502197,1390.0,0.124
2022-02-11,10099.781236274413,1390.0,0.124
2022-02-14,10053.90132151172,1390.0,0.124
2022-02-15,9948.542576853515,1390.0,0.124
2022-02-16,9791.357129363769,1390.0,0.124
2022-02-17,9736.130697749024,1390.0,0.124
2022-02-18,9538.612157910156,1390.0,0.124
2022-02-22,9486.794838183594,1390.0,0.124
2022-02-23,9156.665238867188,1390.0,0.124
2022-02-24,9335.519740820313,1390.0,0.124
2022-02-25,9619.681646386718,1390.0,0.124
2022-02-28,9571.20581611328,1390.0,0.124
2022-03-01,9580.398950976563,1390.0,0.124
2022-03-02,9809.398681640625,1390.0,0.124
2022-03-03,9837.816151171875,1390.0,0.124
2022-03-04,9802.71301015625,1390.0,0.124
2022-03-07,9588.756713476563,1390.0,0.124
2022-03-08,9312.953916699218,1390.0,0.124
2022-03-09,9572.877907128906,1390.0,0.124
2022-03-10,9435.81221767578,1390.0,0.124
2022-03-11,9302.924736328125,1390.0,0.124
2022-03-14,9356.41280078125,1390.0,0.124
2022-03-15,9602.194024609375,1390.0,0.124
2022-03-16,9767.444948730468,1390.0,0.124
2022-03-17,9880.688053222657,1390.0,0.124
2022-03-18,9910.047251953125,1390.0,0.124
2022-03-21,9835.390811425781,1390.0,0.124
2022-03-22,9853.84506875,1390.0,0.124
2022-03-23,9494.823433007812,1390.0,0.124
2022-03-24,9444.491743261719,1390.0,0.124
2022-03-25,9420.165646191406,1390.0,0.124
2022-03-28,9543.737344587402,1390.0,0.124
2022-03-29,9675.77556285205,1390.0,0.124
2022-03-30,9532.804235114747,1390.0,0.124
2022-03-31,9232.565526679688,1385.0,0.13
2022-04-01,9378.899797904785,1385.0,0.13
2022-04-04,9360.397872213867,1385.0,0.13
2022-04-05,9262.000561843262,1385.0,0.13
2022-04-06,8996.241641245117,1385.0,0.13
2022-04-07,9120.711043291503,1385.0,0.13
2022-04-08,8973.535192590332,1385.0,0.13
2022-04-11,8958.395535503907,1385.0,0.13
2022-04-12,8897.844330874512,1385.0,0.13
2022-04-13,9098.845499229492,1385.0,0.13
2022-04-14,9034.929326462403,1385.0,0.13
2022-04-18,8965.124796895996,1385.0,0.13
2022-04-19,9191.35445280078,1385.0,0.13
2022-04-20,9468.887387464356,1385.0,0.13
2022-04-21,9426.837433642579,1385.0,0.13
2022-04-22,9558.963527613281,1385.0,0.13
2022-04-25,9576.493614266601,1385.0,0.13
2022-04-26,9535.590078742187,1385.0,0.13
2022-04-27,9685.014155282226,1385.0,0.13
2022-04-28,9950.743462656006,1385.0,0.13
2022-04-29,9536.684748526122,1385.0,0.13
2022-05-02,9581.763537753663,1385.0,0.13
2022-05-03,9633.521881867187,1385.0,0.13
2022-05-04,9888.96880075537,1385.0,0.13
2022-05-05,9496.616127886718,1385.0,0.13
2022-05-06,9397.274915098877,1385.0,0.13
2022-05-09,9504.129036125245,1385.0,0.13
2022-05-10,9242.003232249268,1385.0,0.13
2022-05-11,9065.860871185547,1385.0,0.13
2022-05-12,9281.238499536134,1385.0,0.13
2022-05-13,9414.806820717286,1385.0,0.13
2022-05-16,9328.822038108643,1385.0,0.13
2022-05-17,9488.26718670288,1385.0,0.13
2022-05-18,9112.609046710937,1385.0,0.13
2022-05-19,9083.392776803956,1385.0,0.13
2022-05-20,9105.931501519532,1385.0,0.13
2022-05-23,9058.347962947022,1385.0,0.13
2022-05-24,9016.607946315185,1385.0,0.13
2022-05-25,9024.122194350097,1385.0,0.13
2022-05-26,9247.845414393554,1385.0,0.13
2022-05-27,9478.249529119385,1385.0,0.13
2022-05-31,9320.474436721192,1385.0,0.13
2022-06-01,9336.334276448975,1385.0,0.13
2022-06-02,9525.833067691894,1385.0,0.13
2022-06-03,9302.94387089917,1385.0,0.13
2022-06-06,9356.371601310548,1385.0,0.13
2022-06-07,9463.223042744141,1385.0,0.13
2022-06-08,9221.13322393335,1385.0,0.13
2022-06-09,9060.018019143066,1385.0,0.13
2022-06-10,8942.312887180664,1385.0,0.13
2022-06-13,8608.39342402417,1385.0,0.13
2022-06-14,8453.958444018066,1385.0,0.13
2022-06-15,8439.709709445313,1385.0,0.13
2022-06-16,8077.61164868335,1385.0,0.13
2022-06-17,8018.939285316162,1385.0,0.13
2022-06-21,7969.486060885986,1385.0,0.13
2022-06-22,8000.497657951172,1385.0,0.13
2022-06-23,8114.49088402417,1385.0,0.13
2022-06-24,8348.345644343994,1385.0,0.13
2022-06-27,8318.170750122314,1385.0,0.13
2022-06-28,8247.762440305663,1385.0,0.13
2022-06-29,8317.33132003125,1385.0,0.13
2022-06-30,8205.854279227295,1380.0,0.13
2022-07-01,8390.975875222779,1380.0,0.13
2022-07-05,8416.23848644458,1380.0,0.13
2022-07-06,8440.546412288819,1380.0,0.13
2022-07-07,8466.52975351465,1380.0,0.13
2022-07-08,8259.498386755127,1380.0,0.13
2022-07-11,8205.016236587402,1380.0,0.13
2022-07-12,8122.873320117676,1380.0,0.13
2022-07-13,8001.337040387451,1380.0,0.13
2022-07-14,8013.070977142334,1380.0,0.13
2022-07-15,8131.2557562111815,1380.0,0.13
2022-07-18,8017.26186023999,1380.0,0.13
2022-07-19,8422.944837258301,1380.0,0.13
2022-07-20,8516.822360381104,1380.0,0.13
2022-07-21,8671.885704892578,1380.0,0.13
2022-07-22,8666.018736515136,1380.0,0.13
2022-07-25,8634.16909681006,1380.0,0.13
2022-07-26,8607.34637314795,1380.0,0.13
2022-07-27,8733.074205874023,1380.0,0.13
2022-07-28,8743.133397145508,1380.0,0.13
2022-07-29,8859.640751138184,1380.0,0.13
2022-08-01,8835.30979762268,1380.0,0.13
2022-08-02,8614.78328807068,1380.0,0.13
2022-08-03,8681.025009780884,1380.0,0.13
2022-08-04,8656.709259719848,1380.0,0.13
2022-08-05,8595.263870727538,1380.0,0.13
2022-08-08,8625.68463043213,1380.0,0.13
2022-08-09,8312.921921463012,1380.0,0.13
2022-08-10,8541.834027435303,1380.0,0.13
2022-08-11,8622.329855743408,1380.0,0.13
2022-08-12,8922.513835006714,1380.0,0.13
2022-08-15,8988.755556716918,1380.0,0.13
2022-08-16,9094.406163833619,1380.0,0.13
2022-08-17,9103.631459152222,1380.0,0.13
2022-08-18,9148.909524887085,1380.0,0.13
2022-08-19,8925.86726939392,1380.0,0.13
2022-08-22,8648.323663299561,1380.0,0.13
2022-08-23,8546.025820419312,1380.0,0.13
2022-08-24,8541.834027435303,1380.0,0.13
2022-08-25,8663.416128494262,1380.0,0.13
2022-08-26,8188.823404312134,1380.0,0.13
2022-08-29,8110.004963348389,1380.0,0.13
2022-08-30,8107.4892174072265,1380.0,0.13
2022-08-31,7974.166075088501,1380.0,0.13
2022-09-01,8026.994059249878,1380.0,0.13
2022-09-02,7956.558534103394,1380.0,0.13
2022-09-06,7935.594878128052,1380.0,0.13
2022-09-07,8217.332957809449,1380.0,0.13
2022-09-08,8229.911017364502,1380.0,0.13
2022-09-09,8354.008864364623,1380.0,0.13
2022-09-12,8486.492307785034,1380.0,0.13
2022-09-13,8040.408466949463,1380.0,0.13
2022-09-14,7978.360548675537,1380.0,0.13
2022-09-15,7844.461076705933,1380.0,0.13
2022-09-16,7553.083548538208,1380.0,0.13
2022-09-19,7765.300188705444,1380.0,0.13
2022-09-20,7671.824210388184,1380.0,0.13
2022-09-21,7674.349338439942,1380.0,0.13
2022-09-22,7632.243096237183,1380.0,0.13
2022-09-23,7750.984428237915,1380.0,0.13
2022-09-26,7595.189790740967,1380.0,0.13
2022-09-27,7494.133067062378,1380.0,0.13
2022-09-28,7730.772011260986,1380.0,0.13
2022-09-29,7517.713661743164,1380.0,0.13
2022-09-30,7552.241839187622,2100.0,0.13
2022-10-03,7785.511265380859,2100.0,0.13
2022-10-04,8070.9934773406985,2100.0,0.13
2022-10-05,8081.100020904541,2100.0,0.13
2022-10-06,7950.570737091064,2100.0,0.13
2022-10-07,7782.984126876831,2100.0,0.13
2022-10-10,7729.9303019104,2100.0,0.13
2022-10-11,7712.2456935882565,2100.0,0.13
2022-10-12,7638.779751854248,2100.0,0.13
2022-10-13,7782.269796116211,2100.0,0.13
2022-10-14,7574.135664413452,2100.0,0.13
2022-10-17,7876.461445495605,2100.0,0.13
2022-10-18,8015.413854171753,2100.0,0.13
2022-10-19,7756.8797444458005,2100.0,0.13
2022-10-20,7562.346372299195,2100.0,0.13
2022-10-21,7814.143456466675,2100.0,0.13
2022-10-24,7946.357499282837,2100.0,0.13
2022-10-25,8214.156443222046,2100.0,0.13
2022-10-26,8196.471834899903,2100.0,0.13
2022-10-27,8712.698345001221,2100.0,0.13
2022-10-28,8943.293227404785,2100.0,0.13
2022-10-31,8823.700928503418,2100.0,0.13
2022-11-01,8974.453628796387,2100.0,0.13
2022-11-02,8591.255888415528,2100.0,0.13
2022-11-03,8619.046510949707,2100.0,0.13
2022-11-04,8684.739103198242,2100.0,0.13
2022-11-07,9017.406245581054,2100.0,0.13
2022-11-08,8992.983391296386,2100.0,0.13
2022-11-09,8790.01319296875,2100.0,0.13
2022-11-10,9599.365981933594,2100.0,0.13
2022-11-11,9564.835131481934,2100.0,0.13
2022-11-14,9344.17828557129,2100.0,0.13
2022-11-15,9486.51123013916,2100.0,0.13
2022-11-16,9352.600722106934,2100.0,0.13
2022-11-17,9329.018972131347,2100.0,0.13
2022-11-18,9513.459407958984,2100.0,0.13
2022-11-21,9488.195449365234,2100.0,0.13
2022-11-22,9595.997543481446,2100.0,0.13
2022-11-23,9600.207086242675,2100.0,0.13
2022-11-25,9627.999049182128,2100.0,0.13
2022-11-28,9453.663928710937,2100.0,0.13
2022-11-29,9329.018972131347,2100.0,0.13
2022-11-30,9571.572678588867,2100.0,0.13
2022-12-01,9606.103529040527,2100.0,0.13
2022-12-02,9644.843252050781,2100.0,0.13
2022-12-05,9350.07472836914,2100.0,0.13
2022-12-06,9194.268029992676,2100.0,0.13
2022-12-07,9192.583810766602,2100.0,0.13
2022-12-08,9336.598963952636,2100.0,0.13
2022-12-09,9190.899591540527,2100.0,0.13
2022-12-12,9285.225251037598,2100.0,0.13
2022-12-13,9418.29331435547,2100.0,0.13
2022-12-14,9244.799968395997,2100.0,0.13
2022-12-15,8936.244706274414,2100.0,0.13
2022-12-16,8779.856272009278,2100.0,0.13
2022-12-19,8839.874258532715,2100.0,0.13
2022-12-20,8832.267458605957,2100.0,0.13
2022-12-21,9024.162558361817,2100.0,0.13
2022-12-22,8891.441660009765,2100.0,0.13
2022-12-23,8878.76075592041,2100.0,0.13
2022-12-27,8959.069797473145,2100.0,0.13
2022-12-28,8818.7414289917,2100.0,0.13
2022-12-29,9023.317432836913,2100.0,0.13
2022-12-30,8898.20333441162,2100.0,0.13
2023-01-03,9104.470929711913,2100.0,0.13
2023-01-04,9234.655781286621,2100.0,0.13
2023-01-05,9108.698567944335,2100.0,0.13
2023-01-06,9418.942740710449,2100.0,0.13
2023-01-09,9490.797846203614,2100.0,0.13
2023-01-10,9471.355267712403,2100.0,0.13
2023-01-11,9646.343165551758,2100.0,0.13
2023-01-12,9595.622230004883,2100.0,0.13
2023-01-13,9616.756399951171,2100.0,0.13
2023-01-17,9534.757107348632,2100.0,0.13
2023-01-18,9380.057583728027,2100.0,0.13
2023-01-19,9151.810692956544,2100.0,0.13
2023-01-20,9408.799223803711,2100.0,0.13
2023-01-23,9475.580895336914,2100.0,0.13
2023-01-24,9585.47737269287,2100.0,0.13
2023-01-25,9582.095530187988,2100.0,0.13
2023-01-26,9573.642934533691,2100.0,0.13
2023-01-27,9660.714320690919,2100.0,0.13
2023-01-30,9675.085475830077,2100.0,0.13
2023-01-31,9937.14475982666,2100.0,0.13
2023-02-01,10148.483778479003,2100.0,0.13
2023-02-02,10291.34886394043,2100.0,0.13
2023-02-03,10391.946279711914,2100.0,0.13
2023-02-06,10217.804177600097,2100.0,0.13
2023-02-07,10166.236776123047,2100.0,0.13
2023-02-08,10156.937714538573,2100.0,0.13
2023-02-09,10024.21748638916,2100.0,0.13
2023-02-10,9981.949146496581,2100.0,0.13
2023-02-13,10137.493795642089,2100.0,0.13
2023-02-14,10132.422372290039,2100.0,0.13
2023-02-15,10277.822834326173,2100.0,0.13
2023-02-16,10038.587971325684,2100.0,0.13
2023-02-17,10025.907737438965,2100.0,0.13
2023-02-21,9722.424568872071,2100.0,0.13
2023-02-22,9564.343872949219,2100.0,0.13
2023-02-23,9620.921207199097,2100.0,0.13
2023-02-24,9555.81304052124,2100.0,0.13
2023-02-27,9554.967027194214,2100.0,0.13
2023-02-28,9530.444707461547,2100.0,0.13
2023-03-01,9505.078385527038,2100.0,0.13
2023-03-02,9513.533826171875,2100.0,0.13
2023-03-03,9703.786938868714,2100.0,0.13
2023-03-06,9675.883247328185,2100.0,0.13
2023-03-07,9587.098103869628,2100.0,0.13
2023-03-08,9669.11849258728,2100.0,0.13
2023-03-09,9428.129384146117,2100.0,0.13
2023-03-10,9089.055019024658,2100.0,0.13
2023-03-13,8961.374714524842,2100.0,0.13
2023-03-14,9138.853160058594,2100.0,0.13
2023-03-15,8817.862832583618,2100.0,0.13
2023-03-16,9016.570715550231,2100.0,0.13
2023-03-17,8773.706568063355,2100.0,0.13
2023-03-20,8985.150906814575,2100.0,0.13
2023-03-21,9079.410333021546,2100.0,0.13
2023-03-22,8819.562903738404,2100.0,0.13
2023-03-23,8684.541992320252,2100.0,0.13
2023-03-24,8542.729511158752,2100.0,0.13
2023-03-27,8695.583069575501,2100.0,0.13
2023-03-28,8850.132006521606,2100.0,0.13
2023-03-29,8950.334978019715,2100.0,0.13
2023-03-30,9020.761143176514,2100.0,0.13
2023-03-31,9094.344353530883,2020.0,0.14
2023-04-03,9037.253247732544,2020.0,0.14
2023-04-04,8542.861007376709,2020.0,0.14
2023-04-05,8422.995832632447,2020.0,0.14
2023-04-06,8527.747857019043,2020.0,0.14
2023-04-10,8524.046158207702,2020.0,0.14
2023-04-11,8604.720433802795,2020.0,0.14
2023-04-12,8623.401775628663,2020.0,0.14
2023-04-13,8673.502926190185,2020.0,0.14
2023-04-14,8724.452771578979,2020.0,0.14
2023-04-17,8867.964653520203,2020.0,0.14
2023-04-18,8857.775622967529,2020.0,0.14
2023-04-19,8846.734545712281,2020.0,0.14
2023-04-20,8847.584581289673,2020.0,0.14
2023-04-21,8746.528635348634,2020.0,0.14
2023-04-24,8758.421346296693,2020.0,0.14
2023-04-25,8657.367668846131,2020.0,0.14
2023-04-26,9127.812753178407,2020.0,0.14
2023-04-27,9463.238937217713,2020.0,0.14
2023-04-28,9381.717977920533,2020.0,0.14
2023-05-01,9407.183980324218,2020.0,0.14
2023-05-02,9316.240008206178,2020.0,0.14
2023-05-03,9260.993519503418,2020.0,0.14
2023-05-04,9151.216605861327,2020.0,0.14
2023-05-05,9408.506622574097,2020.0,0.14
2023-05-08,9147.101356898438,2020.0,0.14
2023-05-09,9166.64969120581,2020.0,0.14
2023-05-10,9205.74703080066,2020.0,0.14
2023-05-11,9253.344346334472,2020.0,0.14
2023-05-12,9240.594382426025,2020.0,0.14
2023-05-15,9296.691002918702,2020.0,0.14
2023-05-16,9051.906725830811,2020.0,0.14
2023-05-17,9268.642692672363,2020.0,0.14
2023-05-18,9391.035502196411,2020.0,0.14
2023-05-19,9289.890619579468,2020.0,0.14
2023-05-22,9328.989301134521,2020.0,0.14
2023-05-23,9167.499822995727,2020.0,0.14
2023-05-24,9033.208523313355,2020.0,0.14
2023-05-25,8945.665078354981,2020.0,0.14
2023-05-26,9102.903226564087,2020.0,0.14
2023-05-30,9101.204304944458,2020.0,0.14
2023-05-31,8902.317079810548,2020.0,0.14
2023-06-01,8904.01734339038,2020.0,0.14
2023-06-02,9287.340224209716,2020.0,0.14
2023-06-05,9219.34645551892,2020.0,0.14
2023-06-06,9363.835981779785,2020.0,0.14
2023-06-07,9611.171325217529,2020.0,0.14
2023-06-08,9612.870246837158,2020.0,0.14
2023-06-09,9574.622368052123,2020.0,0.14
2023-06-12,9739.511702370484,2020.0,0.14
2023-06-13,10009.793894334962,2020.0,0.14
2023-06-14,9962.867558903687,2020.0,0.14
2023-06-15,10148.013111537597,2020.0,0.14
2023-06-16,10104.499380907837,2020.0,0.14
2023-06-20,10086.58354118994,2020.0,0.14
2023-06-21,10188.967724056274,2020.0,0.14
2023-06-22,9930.446471329102,2020.0,0.14
2023-06-23,10009.455705535645,2020.0,0.14
2023-06-26,9996.996290839234,2020.0,0.14
2023-06-27,10152.279874009644,2020.0,0.14
2023-06-28,10081.463292027465,2020.0,0.14
2023-06-29,10202.61881424243,2020.0,0.14
2023-06-30,10240.159479999389,1995.0,0.14
2023-07-03,10131.802232260254,1995.0,0.14
2023-07-05,9945.803863916015,1995.0,0.14
2023-07-06,10139.128587896485,1995.0,0.14
2023-07-07,9964.574532284545,1995.0,0.14
2023-07-10,10115.592023963012,1995.0,0.14
2023-07-11,10357.902397412841,1995.0,0.14
2023-07-12,10689.012642095948,1995.0,0.14
2023-07-13,10475.643972866088,1995.0,0.14
2023-07-14,10472.231368064575,1995.0,0.14
2023-07-17,10595.945337410523,1995.0,0.14
2023-07-18,10716.24804391516,1995.0,0.14
2023-07-19,10855.171551159669,1995.0,0.14
2023-07-20,10632.633187457153,1995.0,0.14
2023-07-21,10681.266496269287,1995.0,0.14
2023-07-24,10780.236732373902,1995.0,0.14
2023-07-25,10841.668986641967,1995.0,0.14
2023-07-26,10008.087591934203,1995.0,0.14
2023-07-27,9855.364468835083,1995.0,0.14
2023-07-28,9810.997251514893,1995.0,0.14
2023-07-31,9970.547597157349,1995.0,0.14
2023-08-01,9908.262527178955,1995.0,0.14
2023-08-02,9767.484862845336,1995.0,0.14
2023-08-03,9520.907726923462,1995.0,0.14
2023-08-04,9548.210578275879,1995.0,0.14
2023-08-07,9659.980430816528,1995.0,0.14
2023-08-08,9539.678395291992,1995.0,0.14
2023-08-09,9462.890090397217,1995.0,0.14
2023-08-10,9494.459033241577,1995.0,0.14
2023-08-11,9505.550334336547,1995.0,0.14
2023-08-14,9583.192796901856,1995.0,0.14
2023-08-15,9321.258939373169,1995.0,0.14
2023-08-16,9194.984509955933,1995.0,0.14
2023-08-17,9032.875046202393,1995.0,0.14
2023-08-18,9183.03905119043,1995.0,0.14
2023-08-21,9166.82951387329,1995.0,0.14
2023-08-22,9179.259047698975,1995.0,0.14
2023-08-23,9404.07742904663,1995.0,0.14
2023-08-24,9229.501900177002,1995.0,0.14
2023-08-25,9353.8332371521,1995.0,0.14
2023-08-28,9436.437062072753,1995.0,0.14
2023-08-29,9602.495911102294,1995.0,0.14
2023-08-30,9671.475861053466,1995.0,0.14
2023-08-31,9691.914017486572,1995.0,0.14
2023-09-01,9771.963575134278,1995.0,0.14
2023-09-05,9464.539359741211,1995.0,0.14
2023-09-06,9237.166711120606,1995.0,0.14
2023-09-07,9199.695195007323,1995.0,0.14
2023-09-08,9205.65626815796,1995.0,0.14
2023-09-11,9220.134690856934,1995.0,0.14
2023-09-12,9091.544679107667,1995.0,0.14
2023-09-13,8989.35456665039,1995.0,0.14
2023-09-14,9053.223303222656,1995.0,0.14
2023-09-15,9037.828049926758,1995.0,0.14
2023-09-18,8995.069856872558,1995.0,0.14
2023-09-19,9051.512198638917,1995.0,0.14
2023-09-20,8915.534635162354,1995.0,0.14
2023-09-21,8881.32660736084,1995.0,0.14
2023-09-22,8878.760955047608,1995.0,0.14
2023-09-25,8893.299651489258,1995.0,0.14
2023-09-26,8730.809677734374,1995.0,0.14
2023-09-27,8833.434430847168,1995.0,0.14
2023-09-28,8916.389852600098,1995.0,0.14
2023-09-29,8911.258547973634,1995.0,0.14
2023-10-02,8819.75028213501,1995.0,0.14
2023-10-03,8789.819680938721,1995.0,0.14
2023-10-04,8904.417478179932,1995.0,0.14
2023-10-05,8787.253358917236,1995.0,0.14
2023-10-06,8867.643128356933,1995.0,0.14
2023-10-09,8932.638314208984,1995.0,0.14
2023-10-10,9019.869823150635,1995.0,0.14
2023-10-11,9062.630695037842,1995.0,0.14
2023-10-12,8889.02423400879,1995.0,0.14
2023-10-13,8849.683562164306,1995.0,0.14
2023-10-16,9001.910256958008,1995.0,0.14
2023-10-17,9030.133102111817,1995.0,0.14
2023-10-18,8558.058434143066,1995.0,0.14
2023-10-19,8428.921940460204,1995.0,0.14
2023-10-20,8295.510699005126,1995.0,0.14
2023-10-23,8284.39153289795,1995.0,0.14
2023-10-24,8304.916081695557,1995.0,0.14
2023-10-25,8254.4575831604,1995.0,0.14
2023-10-26,8316.889125823975,1995.0,0.14
2023-10-27,8332.28370941162,1995.0,0.14
2023-10-30,8356.228458251953,1995.0,0.14
2023-10-31,8411.818261413575,1995.0,0.14
2023-11-01,8459.709098510742,1995.0,0.14
2023-11-02,8478.402661990356,1995.0,0.14
2023-11-03,8714.459762341308,1995.0,0.14
2023-11-06,8700.77576838684,1995.0,0.14
2023-11-07,8673.406440945435,1995.0,0.14
2023-11-08,8757.4013688797,1995.0,0.14
2023-11-09,8649.45894920044,1995.0,0.14
2023-11-10,8851.304390249634,1995.0,0.14
2023-11-13,8829.068151235962,1995.0,0.14
2023-11-14,9059.994842224121,1995.0,0.14
2023-11-15,9123.285742166137,1995.0,0.14
2023-11-16,9061.703415890503,1995.0,0.14
2023-11-17,9095.915744958496,1995.0,0.14
2023-11-20,9043.742964523315,1995.0,0.14
2023-11-21,8908.609589346313,1995.0,0.14
2023-11-22,8952.22878518982,1995.0,0.14
2023-11-24,8983.873230511475,1995.0,0.14
2023-11-27,8907.75429786377,1995.0,0.14
2023-11-28,8905.188423416137,1995.0,0.14
2023-11-29,8945.385783563232,1995.0,0.14
2023-11-30,9073.678166412354,1995.0,0.14
2023-12-01,9296.051942575074,1995.0,0.14
2023-12-04,9155.786148736572,1995.0,0.14
2023-12-05,9024.92789143982,1995.0,0.14
2023-12-06,8991.571523620605,1995.0,0.14
2023-12-07,8988.151027456664,1995.0,0.14
2023-12-08,9437.171688363647,1995.0,0.14
2023-12-11,9389.278044406128,1995.0,0.14
2023-12-12,9386.711500192261,1995.0,0.14
2023-12-13,9515.003883041381,1995.0,0.14
2023-12-14,10141.92584208374,1995.0,0.14
2023-12-15,10089.552801544189,1995.0,0.14
2023-12-18,10126.470316436767,1995.0,0.14
2023-12-19,10261.261441067505,1995.0,0.14
2023-12-20,10348.832706573487,1995.0,0.14
2023-12-21,10560.893422244262,1995.0,0.14
2023-12-22,10827.89774126587,1995.0,0.14
2023-12-26,10944.658758840942,1995.0,0.14
2023-12-27,10954.1024627594,1995.0,0.14
2023-12-28,10891.429087286377,1995.0,0.14
2023-12-29,10876.834881018067,1995.0,0.14
2024-01-02,10667.350756054688,1995.0,0.14
2024-01-03,10432.112110043336,1995.0,0.14
2024-01-04,10497.359397158814,1995.0,0.14
2024-01-05,10541.144695028686,1995.0,0.14
2024-01-08,10667.006132070312,1995.0,0.14
2024-01-09,10694.594515629882,1995.0,0.14
2024-01-10,10526.480241341309,1995.0,0.14
2024-01-11,10359.993691119385,1995.0,0.14
2024-01-12,10283.583410159301,1995.0,0.14
2024-01-16,10251.817737149047,1995.0,0.14
2024-01-17,10192.578253164673,1995.0,0.14
2024-01-18,10402.920348675538,1995.0,0.14
2024-01-19,10490.492283947753,1995.0,0.14
2024-01-22,10765.223696026611,1995.0,0.14
2024-01-23,10674.219878564452,1995.0,0.14
2024-01-24,10554.022960202026,1995.0,0.14
2024-01-25,10796.990708569336,1995.0,0.14
2024-01-26,10720.580427609253,1995.0,0.14
2024-01-29,10891.429087286377,1995.0,0.14
2024-01-30,10833.908223461915,1995.0,0.14
2024-01-31,10636.443053591918,1995.0,0.14
2024-02-01,10923.196099829102,1995.0,0.14
2024-02-02,10957.536354248046,1995.0,0.14
2024-02-05,10796.990708569336,1995.0,0.14
2024-02-06,10820.170648208617,1995.0,0.14
2024-02-07,10898.298879562379,1995.0,0.14
2024-02-08,11205.655944497681,1995.0,0.14
2024-02-09,11324.992883013916,1995.0,0.14
2024-02-12,11467.511100701904,1995.0,0.14
2024-02-13,11125.809762750245,1995.0,0.14
2024-02-14,11262.318837774657,1995.0,0.14
2024-02-15,11445.187792077637,1995.0,0.14
2024-02-16,11368.77818088379,1995.0,0.14
2024-02-20,11337.869808654785,1995.0,0.14
2024-02-21,11226.406967358398,1995.0,0.14
2024-02-22,11102.250216375733,1995.0,0.14
2024-02-23,11053.442405822754,1995.0,0.14
2024-02-26,11002.067520996094,1995.0,0.14
2024-02-27,11070.566922106933,1995.0,0.14
2024-02-28,10973.811668334962,1995.0,0.14
2024-02-29,10948.97991734619,1995.0,0.14
2024-03-01,10857.360148095702,1995.0,0.14
2024-03-04,11027.754295422363,1995.0,0.14
2024-03-05,10919.867037286376,1995.0,0.14
2024-03-06,10995.217981677246,1995.0,0.14
2024-03-07,11294.050009057617,1995.0,0.14
2024-03-08,11204.144962591552,1995.0,0.14
2024-03-11,11220.41111550293,1995.0,0.14
2024-03-12,11395.091067810059,1995.0,0.14
2024-03-13,11367.688902612304,1995.0,0.14
2024-03-14,11176.911130133056,1995.0,0.14
2024-03-15,11205.269852801513,1995.0,0.14
2024-03-18,11286.90922738037,1995.0,0.14
2024-03-19,11430.422239416504,1995.0,0.14
2024-03-20,11625.498508630371,1995.0,0.14
2024-03-21,11626.358875964355,1995.0,0.14
2024-03-22,11525.812127636718,1995.0,0.14
2024-03-25,11421.83058984375,1995.0,0.14
2024-03-26,11458.782298059083,1995.0,0.14
2024-03-27,11536.125847851563,1995.0,0.14
2024-03-28,11576.51768942871,1995.0,0.14
2024-04-01,11371.1277,1995.0,0.14
2024-04-02,11307.535331835938,1995.0,0.14
2024-04-03,11298.93967434082,1995.0,0.14
2024-04-04,11259.410872045899,1995.0,0.14
2024-04-05,11370.267332666015,1995.0,0.14
2024-04-08,11417.532761096192,1995.0,0.14
2024-04-09,11505.190031103515,1995.0,0.14
2024-04-10,11096.990486260986,1995.0,0.14
2024-04-11,11150.269802197266,1995.0,0.14
2024-04-12,10950.038008850097,1995.0,0.14
2024-04-15,10908.788471887206,1995.0,0.14
2024-04-16,10860.664680084228,1995.0,0.14
2024-04-17,10809.102090893555,1995.0,0.14
2024-04-18,10728.3210796875,1995.0,0.14
2024-04-19,10760.119267730714,1995.0,0.14
2024-04-22,10764.143071776123,1995.0,0.14
2024-04-23,10897.171746293701,1995.0,0.14
2024-04-24,10860.266776210694,1995.0,0.14
2024-04-25,10716.939800478882,1995.0,0.14
2024-04-26,10629.423187328613,1995.0,0.14
2024-04-29,10711.81512997705,1995.0,0.14
2024-04-30,10432.883740576171,1995.0,0.14
2024-05-01,10389.971270446777,1995.0,0.14
2024-05-02,10492.961865876952,1995.0,0.14
2024-05-03,10546.172661717774,1995.0,0.14
2024-05-06,10717.823209354981,1995.0,0.14
2024-05-07,10674.052823382812,1995.0,0.14
2024-05-08,10653.453503481445,1995.0,0.14
2024-05-09,10785.625245719239,1995.0,0.14
2024-05-10,10813.088559482421,1995.0,0.14
2024-05-13,10789.05824332959,1995.0,0.14
2024-05-14,10928.951895271972,1995.0,0.14
2024-05-15,10980.448193666503,1995.0,0.14
2024-05-16,10761.59359532715,1995.0,0.14
2024-05-17,10679.20165267871,1995.0,0.14
2024-05-20,10577.070307330567,1995.0,0.14
2024-05-21,10603.676372370606,1995.0,0.14
2024-05-22,10562.481068166016,1995.0,0.14
2024-05-23,10473.557341918946,1995.0,0.14
2024-05-24,10652.82572372351,1995.0,0.14
2024-05-28,10463.402945781372,1995.0,0.14
2024-05-29,10373.905684578858,1995.0,0.14
2024-05-30,10466.009334260498,1995.0,0.14
2024-05-31,10585.050842999268,1995.0,0.14
2024-06-03,10470.354891004394,1995.0,0.14
2024-06-04,10221.846319610351,1995.0,0.14
2024-06-05,10275.720011509155,1995.0,0.14
2024-06-06,10211.419414883545,1995.0,0.14
2024-06-07,10035.515267857421,1995.0,0.14
2024-06-10,10083.576567282715,1995.0,0.14
2024-06-11,10068.128078036132,1995.0,0.14
2024-06-12,10298.138917929688,1995.0,0.14
2024-06-13,10226.905218194335,1995.0,0.14
2024-06-14,10026.984809162597,1995.0,0.14
2024-06-17,10015.783203473633,1995.0,0.14
2024-06-18,10048.528770458495,1995.0,0.14
2024-06-20,9974.420452242188,1995.0,0.14
2024-06-21,10090.178889120483,1995.0,0.14
2024-06-24,10277.693160067749,1995.0,0.14
2024-06-25,10081.497025689698,1995.0,0.14
2024-06-26,9953.01579686737,1995.0,0.14
2024-06-27,10097.992431793213,1995.0,0.14
2024-06-28,10256.85816639862,1995.0,0.14
2024-07-01,10047.63990894928,1995.0,0.14
2024-07-02,10079.761056248473,1995.0,0.14
2024-07-03,10043.300321383667,1995.0,0.14
2024-07-05,9979.058698860168,1995.0,0.14
2024-07-08,9986.872241532898,1995.0,0.14
2024-07-09,9954.751766308595,1995.0,0.14
2024-07-10,10114.650906190796,1995.0,0.14
2024-07-11,10359.304301977905,1995.0,0.14
2024-07-12,10627.299197282104,1995.0,0.14
2024-07-15,10609.144548930786,1995.0,0.14
2024-07-16,11067.330233510376,1995.0,0.14
2024-07-17,10972.23483887268,1995.0,0.14
2024-07-18,10979.1880046875,1995.0,0.14
2024-07-19,10693.957671750488,1995.0,0.14
2024-07-22,10915.419373599609,1995.0,0.14
2024-07-23,10959.367880512695,1995.0,0.14
2024-07-24,11017.964333117676,1995.0,0.14
2024-07-25,11409.61136046875,1995.0,0.14
2024-07-26,11743.621894017579,1995.0,0.14
2024-07-29,11820.042444772462,1995.0,0.14
2024-07-30,11964.292516064454,1995.0,0.14
2024-07-31,11747.057242529298,1995.0,0.14
2024-08-01,11358.950605674805,1995.0,0.14
2024-08-02,11122.82556846753,1995.0,0.14
2024-08-05,10969.129618237548,1995.0,0.14
2024-08-06,10955.390218394532,1995.0,0.14
2024-08-07,10863.516581948486,1995.0,0.14
2024-08-08,11115.958195117188,1995.0,0.14
2024-08-09,11067.015114579102,1995.0,0.14
2024-08-12,11104.742858824158,1995.0,0.14
2024-08-13,11181.333471515625,1995.0,0.14
2024-08-14,11255.914080769531,1995.0,0.14
2024-08-15,11415.62189089502,1995.0,0.14
2024-08-16,11271.37049013379,1995.0,0.14
2024-08-19,11407.037508023437,1995.0,0.14
2024-08-20,11352.082567589843,1995.0,0.14
2024-08-21,11549.56990505957,1995.0,0.14
2024-08-22,11592.502455171387,1995.0,0.14
2024-08-23,11763.371159552245,1995.0,0.14
2024-08-26,11824.33663041211,1995.0,0.14
2024-08-27,11781.404080300294,1995.0,0.14
2024-08-28,11731.602162634277,1995.0,0.14
2024-08-29,11789.988463171874,1995.0,0.14
2024-08-30,11921.361295421875,1995.0,0.14
2024-09-03,11763.371159552245,1995.0,0.14
2024-09-04,11951.820006773438,1995.0,0.14
2024-09-05,11807.371925258789,1995.0,0.14
2024-09-06,11689.995198852539,1995.0,0.14
2024-09-09,11656.09062373352,1995.0,0.14
2024-09-10,11794.688204666138,1995.0,0.14
2024-09-11,11771.099364234375,1995.0,0.14
2024-09-12,11945.403417126952,1995.0,0.14
2024-09-13,12121.42514427539,1995.0,0.14
2024-09-16,12254.514321312012,1995.0,0.14
2024-09-17,12310.325439935059,1995.0,0.14
2024-09-18,12314.61829610547,1995.0,0.14
2024-09-19,12342.953273980957,1995.0,0.14
2024-09-20,12095.697255576171,1995.0,0.14
2024-09-23,12582.771490600586,1995.0,0.14
2024-09-24,12687.738357635499,1995.0,0.14
2024-09-25,12648.044672836304,1995.0,0.14
2024-09-26,12675.388273544311,1995.0,0.14
2024-09-27,12386.02807730127,1995.0,0.14
2024-09-30,12555.749449729492,1995.0,0.145
2024-10-01,12489.411593677734,1995.0,0.145
2024-10-02,12564.363080924317,1995.0,0.145
2024-10-03,12568.670561256347,1995.0,0.145
2024-10-04,12544.547341927735,1995.0,0.145
2024-10-07,12603.191691912842,1995.0,0.145
2024-10-08,12523.009940267579,1995.0,0.145
2024-10-09,12627.25495271045,1995.0,0.145
2024-10-10,12460.98089401709,1995.0,0.145
2024-10-11,12690.144165558106,1995.0,0.145
2024-10-14,12876.232633778809,1995.0,0.145
2024-10-15,12882.263106243652,1995.0,0.145
2024-10-16,13002.875214479003,1995.0,0.145
2024-10-17,13136.40976371045,1995.0,0.145
2024-10-18,13347.912776767334,1995.0,0.145
2024-10-21,13095.918119120117,1995.0,0.145
2024-10-22,12974.445844287598,1995.0,0.145
2024-10-23,12996.84474201416,1995.0,0.145
2024-10-24,12515.257805139161,1995.0,0.145
2024-10-25,12996.84036509375,1995.0,0.145
2024-10-28,12972.232638341797,1995.0,0.145
2024-10-29,12014.806316895263,1995.0,0.145
2024-10-30,11952.06059823706,1995.0,0.145
2024-10-31,12001.916013878174,1995.0,0.145
2024-11-01,12019.105295293944,1995.0,0.145
2024-11-04,11990.739465903076,1995.0,0.145
2024-11-05,12139.720771159911,1995.0,0.145
2024-11-06,12113.65496491333,1995.0,0.145
2024-11-07,12266.6566805354,1995.0,0.145
2024-11-08,12358.62775897705,1995.0,0.145
2024-11-11,12328.542868801025,1995.0,0.145
2024-11-12,12194.453474687256,1995.0,0.145
2024-11-13,12105.06098742334,1995.0,0.145
2024-11-14,12147.17930309546,1995.0,0.145
2024-11-15,12013.088582545899,1995.0,0.145
2024-11-18,12049.832602911378,1995.0,0.145
2024-11-19,11968.023681351806,1995.0,0.145
2024-11-20,11984.722753155029,1995.0,0.145
2024-11-21,12154.915076628662,1995.0,0.145
2024-11-22,12152.336485450927,1995.0,0.145
2024-11-25,12263.217232529298,1995.0,0.145
2024-11-26,12067.23899727832,1995.0,0.145
2024-11-27,12154.915076628662,1995.0,0.145
2024-11-29,12105.919191380128,1995.0,0.145
2024-12-02,12116.938835854493,1995.0,0.145
2024-12-03,12075.836954075683,1995.0,0.145
2024-12-04,12125.688390409423,1995.0,0.145
2024-12-05,12061.223610966064,1995.0,0.145
2024-12-06,12140.37826193994,1995.0,0.145
2024-12-09,12221.604612137451,1995.0,0.145
2024-12-10,12148.152713543945,1995.0,0.145
2024-12-11,12144.526032085694,1995.0,0.145
2024-12-12,12041.620806711182,1995.0,0.145
2024-12-13,12035.131155767822,1995.0,0.145
2024-12-16,11820.548468865234,1995.0,0.145
2024-12-17,11898.32119293213,1995.0,0.145
2024-12-18,11427.220463755371,1995.0,0.145
2024-12-19,11267.646258788818,1995.0,0.145
2024-12-20,11401.343027908448,1995.0,0.145
2024-12-23,11397.030785151856,1995.0,0.145
2024-12-24,11475.523949520995,1995.0,0.145
2024-12-26,11471.211706764405,1995.0,0.145
2024-12-27,11383.229220746338,1995.0,0.145
2024-12-30,11296.972427692383,1995.0,0.145
2024-12-31,11271.95850154541,1999.5,0.145
2025-01-02,11091.683939624267,1999.5,0.145
2025-01-03,11228.830768236328,1999.5,0.145
2025-01-06,11137.39954916162,1999.5,0.145
2025-01-07,10990.763398900635,1999.5,0.145
2025-01-08,11075.294498990479,1999.5,0.145
2025-01-10,10886.393461902466,1999.5,0.145
2025-01-13,11255.187960624024,1999.5,0.145
2025-01-14,11385.940427642578,1999.5,0.145
2025-01-15,11293.52236819995,1999.5,0.145
2025-01-16,11439.295008760986,1999.5,0.145
2025-01-17,11522.96525202246,1999.5,0.145
2025-01-21,11650.624085421387,1999.5,0.145
2025-01-22,11401.343027908448,1999.5,0.145
2025-01-23,11493.637756683105,1999.5,0.145
2025-01-24,11431.532706511964,1999.5,0.145
2025-01-27,11687.713883009767,1999.5,0.145
2025-01-28,11395.305092187744,1999.5,0.145
2025-01-29,11299.560303920654,1999.5,0.145
2025-01-30,11516.925989865967,1999.5,0.145
2025-01-31,11448.784330409911,1999.5,0.145
2025-02-03,11103.758484629883,1999.5,0.145
2025-02-04,11083.058790893188,1999.5,0.145
2025-02-05,11133.08730640503,1999.5,0.145
2025-02-06,11152.925480095459,1999.5,0.145
2025-02-07,11100.309751573242,1999.5,0.145
2025-02-10,11314.982534554932,1999.5,0.145
2025-02-11,11362.527537355956,1999.5,0.145
2025-02-12,11342.689363665528,1999.5,0.145
2025-02-13,11485.01061829834,1999.5,0.145
2025-02-14,11505.713628124511,1999.5,0.145
2025-02-18,10858.791659527222,1999.5,0.145
2025-02-19,10838.062916491699,1999.5,0.145
2025-02-20,10883.443192694092,1999.5,0.145
2025-02-21,10887.724400512696,1999.5,0.145
2025-02-24,10953.652894219971,1999.5,0.145
2025-02-25,11121.473212329101,1999.5,0.145
2025-02-26,11081.23130718994,1999.5,0.145
2025-02-27,10907.417429803467,1999.5,0.145
2025-02-28,11020.439867858886,1999.5,0.145
2025-03-03,10832.925862115479,1999.5,0.145
2025-03-04,10599.177708642577,1999.5,0.145
2025-03-05,10829.501817541504,1999.5,0.145
2025-03-06,10903.992726885986,1999.5,0.145
2025-03-07,11242.200244433594,1999.5,0.145
2025-03-10,11327.823084118652,1999.5,0.145
2025-03-11,10784.977387896728,1999.5,0.145
2025-03-12,10612.020673754883,1999.5,0.145
2025-03-13,10701.924062915039,1999.5,0.145
2025-03-14,10889.345900567627,1999.5,0.145
2025-03-17,10950.386852087402,1999.5,0.145
2025-03-18,11002.83049576416,1999.5,0.145
2025-03-19,11060.43160246582,1999.5,0.145
2025-03-20,10980.477100366212,1999.5,0.145
2025-03-21,10923.73447359619,1999.5,0.145
2025-03-24,11227.218979614257,1999.5,0.145
2025-03-25,11141.245901184082,1999.5,0.145
2025-03-26,11209.165883996582,1999.5,0.145
2025-03-27,11192.8310649292,1999.5,0.145
2025-03-28,11029.480899224853,1999.5,0.145
2025-03-31,11216.044256945801,2100.0,0.145
2025-04-01,11262.46800760498,2100.0,0.145
2025-04-02,11361.33671862793,2100.0,0.145
2025-04-03,10936.63076453247,2100.0,0.145
2025-04-04,10629.707072039795,2100.0,0.145
2025-04-07,10383.823672723389,2100.0,0.145
2025-04-08,10189.524778808594,2100.0,0.145
2025-04-09,10716.539947088622,2100.0,0.145
2025-04-10,10495.589333026122,2100.0,0.145
2025-04-11,10759.52648630371,2100.0,0.145
2025-04-14,10857.535400708008,2100.0,0.145
2025-04-15,10909.979044384765,2100.0,0.145
2025-04-16,10757.8062347229,2100.0,0.145
2025-04-17,10862.693522076415,2100.0,0.145
2025-04-21,10597.896572180176,2100.0,0.145
2025-04-22,11144.297181415039,2100.0,0.145
2025-04-23,10841.772751309081,2100.0,0.145
2025-04-24,11994.626500765991,2100.0,0.145
2025-04-25,11734.977555178833,2100.0,0.145
2025-04-28,12028.056400170899,2100.0,0.145
2025-04-29,11848.27614623169,2100.0,0.145
2025-04-30,11934.009007290038,2100.0,0.145
2025-05-01,11890.285839003905,2100.0,0.145
2025-05-02,12082.326397368164,2100.0,0.145
2025-05-05,12078.898133332275,2100.0,0.145
2025-05-06,11994.021353526856,2100.0,0.145
2025-05-07,12107.386625286865,2100.0,0.145
2025-05-08,12080.612921854248,2100.0,0.145
2025-05-09,12161.20141734668,2100.0,0.145
2025-05-12,12328.380168158446,2100.0,0.145
2025-05-13,12246.93427840503,2100.0,0.145
2025-05-14,12095.18731128296,2100.0,0.145
2025-05-15,12252.078643970946,2100.0,0.145
2025-05-16,12486.128895107422,2100.0,0.145
2025-05-19,12387.536433142333,2100.0,0.145
2025-05-20,12318.091437026611,2100.0,0.145
2025-05-21,12170.63275421753,2100.0,0.145
2025-05-22,12142.340056613037,2100.0,0.145
2025-05-23,12114.904753269531,2100.0,0.145
2025-05-27,12390.964697178222,2100.0,0.145
2025-05-28,12268.36782192163,2100.0,0.145
2025-05-29,12412.615262176514,2100.0,0.145
2025-05-30,12289.792382666015,2100.0,0.145
2025-06-02,11952.012973762696,2100.0,0.145
2025-06-03,11925.436377688233,2100.0,0.145
2025-06-04,11866.954087973876,2100.0,0.145
2025-06-05,11935.795023399414,2100.0,0.145
2025-06-06,11929.722035985107,2100.0,0.145
2025-06-09,11968.303464721435,2100.0,0.145
2025-06-10,11974.303911540283,2100.0,0.145
2025-06-11,11825.986521462159,2100.0,0.145
2025-06-12,11888.571050481934,2100.0,0.145
2025-06-13,11642.47001140161,2100.0,0.145
2025-06-16,12003.013398284913,2100.0,0.145
2025-06-17,12015.36030845642,2100.0,0.145
2025-06-18,11771.543955401612,2100.0,0.145
2025-06-20,11842.965028642579,2100.0,0.145
2025-06-23,12257.72195259839,2100.0,0.145
2025-06-24,12357.539451080322,2100.0,0.145
2025-06-25,12289.561084963867,2100.0,0.145
2025-06-26,12338.608500919678,2100.0,0.145
2025-06-27,12381.633148919678,2100.0,0.145
2025-06-30,12401.424119357422,2100.0,0.145
2025-07-01,12705.178029196777,2100.0,0.145
2025-07-02,12730.99308059839,2100.0,0.145
2025-07-03,12744.761283080323,2100.0,0.145
2025-07-07,12748.202677196778,2100.0,0.145
2025-07-08,12781.761850116454,2100.0,0.145
2025-07-09,12912.557147678712,2100.0,0.145
2025-07-10,13039.049717839356,2100.0,0.145
2025-07-11,13039.043891838866,2100.0,0.145
2025-07-14,12761.97087967871,2100.0,0.145
2025-07-15,12524.475295401611,2100.0,0.145
2025-07-16,12569.221296963868,2100.0,0.145
2025-07-17,13211.148309839355,2100.0,0.145
2025-07-18,13150.054044963867,2100.0,0.145
2025-07-21,12873.835227080323,2100.0,0.145
2025-07-22,13140.588569883545,2100.0,0.145
2025-07-23,13282.569383080323,2100.0,0.145
2025-07-24,14083.688118759033,2100.0,0.145
2025-07-25,14198.151921043456,2100.0,0.145
2025-07-28,14050.495843130371,2100.0,0.145
2025-07-29,14088.268510956543,2100.0,0.145
2025-07-30,14149.220099478516,2100.0,0.145
2025-07-31,14243.650459130371,2100.0,0.145
2025-08-01,14175.832303652343,2100.0,0.145
2025-08-04,14313.1859113042,2100.0,0.145
2025-08-05,14199.00991443457,2100.0,0.145
2025-08-06,14120.890598608887,2100.0,0.145
2025-08-07,14134.266510177613,2100.0,0.145
2025-08-08,14054.788429913086,2100.0,0.145
2025-08-11,14117.456005217286,2100.0,0.145
2025-08-12,14287.431700521485,2100.0,0.145
2025-08-13,14561.282232347656,2100.0,0.145
2025-08-14,14469.427162782715,2100.0,0.145
2025-08-15,14350.95857913037,2100.0,0.145
2025-08-18,14353.533869217285,2100.0,0.145
2025-08-19,14581.885862956544,2100.0,0.145
2025-08-20,14466.851872695801,2100.0,0.145
2025-08-21,14354.393172521972,2100.0,0.145
2025-08-22,14786.200942608886,2100.0,0.145
2025-08-25,14578.452579478515,2100.0,0.145
2025-08-26,14725.249354086915,2100.0,0.145
2025-08-27,14765.597312,2100.0,0.145
2025-08-28,14677.175525913086,2100.0,0.145
2025-08-29,14576.735282782714,2100.0,0.145
2025-09-02,14421.353334608886,2100.0,0.145
2025-09-03,14395.599123826172,2100.0,0.145
2025-09-04,14658.289192,2100.0,0.145
2025-09-05,14753.578854956542,2100.0,0.145
2025-09-08,14860.02898156543,2100.0,0.145
2025-09-09,14591.329029913086,2100.0,0.145
2025-09-10,14630.817684521484,2100.0,0.145
2025-09-11,15210.281532521485,2100.0,0.145
2025-09-12,15024.8540966958,2100.0,0.145
2025-09-15,15126.152333217286,2100.0,0.145
2025-09-16,15198.263075478028,2100.0,0.145
2025-09-17,15161.349710956543,2100.0,0.145
2025-09-18,15347.640740806884,2100.0,0.145
2025-09-19,15394.856588789673,2100.0,0.145
2025-09-22,15264.36951161377,2100.0,0.145
2025-09-23,15232.60671838623,2100.0,0.145
2025-09-24,15052.328502420654,2100.0,0.145
2025-09-25,14848.872669193115,2100.0,0.145
2025-09-26,15023.998993630981,2100.0,0.145
2025-09-29,15026.574284437866,2100.0,0.145
2025-09-30,15224.880845965576,2100.0,0.145
2025-10-01,15171.655112824097,2100.0,0.145
2025-10-02,15258.36093636902,2100.0,0.145
2025-10-03,15219.728954437865,2100.0,0.145
2025-10-06,15264.385051649551,2100.0,0.145
2025-10-07,15197.409330806884,2100.0,0.145
2025-10-08,15303.859487175903,2100.0,0.145
2025-10-09,15061.771672017212,2100.0,0.145
2025-10-10,14876.342874437867,2100.0,0.145
2025-10-13,14910.68226838623,2100.0,0.145
2025-10-14,15074.649435965575,2100.0,0.145
2025-10-15,15218.870960806884,2100.0,0.145
2025-10-16,15237.7573,2100.0,0.145
2025-10-17,15236.899306369018,2100.0,0.145
2025-10-20,15278.105269193115,2100.0,0.145
2025-10-21,15406.875049193115,2100.0,0.145
2025-10-22,15066.06426,2100.0,0.145
2025-10-23,14698.641259193115,2100.0,0.145
2025-10-24,14721.134142131592,2100.0,0.145
2025-10-27,14706.302255858947,2100.0,0.145
2025-10-28,14546.28277076921,2100.0,0.145
2025-10-29,14246.03078221158,2100.0,0.145
2025-10-30,14220.220933762894,2100.0,0.145
2025-10-31,14261.517216378159,2100.0,0.145
2025-11-03,14167.741389923156,2100.0,0.145
2025-11-04,14242.590081698685,2100.0,0.145
2025-11-05,14264.957916891051,2100.0,0.145
2025-11-06,14201.295111826843,2100.0,0.145
2025-11-07,14397.44785964737,2100.0,0.145
2025-11-10,14357.012736717896,2100.0,0.145
2025-11-11,14414.653987698684,2100.0,0.145
2025-11-12,14486.060666217896,2100.0,0.145
2025-11-13,14153.977275128158,2100.0,0.145
2025-11-14,13872.65242125,2100.0,0.145
2025-11-17,13762.531626429474,2100.0,0.145
2025-11-18,13857.167299826844,2100.0,0.145
2025-11-19,13823.613577923157,2100.0,0.145
2025-11-20,13717.794643301315,2100.0,0.145
2025-11-21,14012.023765032105,2100.0,0.145
2025-11-24,13962.125074762893,2100.0,0.145
2025-11-25,14289.046758711578,2100.0,0.145
2025-11-26,14252.913495980789,2100.0,0.145
2025-11-28,14283.885051570525,2100.0,0.145
2025-12-01,14209.89751948079,2100.0,0.145
2025-12-02,14123.005719538422,2100.0,0.145
2025-12-03,14111.821145570526,2100.0,0.145
2025-12-04,13838.24016514737,2100.0,0.145
2025-12-05,13685.963240769212,2100.0,0.145
2025-12-08,13667.036106089738,2100.0,0.145
2025-12-09,13549.172750557633,2100.0,0.145
2025-12-10,13790.922328448685,2100.0,0.145
2025-12-11,14170.323556237106,2100.0,0.145
2025-12-12,13836.519158519211,2100.0,0.145
2025-12-15,14028.370046141052,2100.0,0.145
2025-12-16,13736.721777980789,2100.0,0.145
2025-12-17,13826.195744237106,2100.0,0.145
2025-12-18,13758.229766230788,2100.0,0.145
2025-12-19,13765.11248,2100.0,0.145
2025-12-22,13831.357451378159,2100.0,0.145
2025-12-23,13818.451870782104,2100.0,0.145
2025-12-24,13838.24016514737,2100.0,0.145
2025-12-26,13833.077145262894,2100.0,0.145
2025-12-29,13881.256141647369,2100.0,0.145
2025-12-30,13862.329006967895,2100.0,0.145
2025-12-31,13698.007661679474,2100.0,0.145
2026-01-02,13843.401872288421,2100.0,0.145
2026-01-05,13926.852971717895,2100.0,0.145
2026-01-06,13923.410958461578,2100.0,0.145
2026-01-07,13680.801533628159,2100.0,0.145
2026-01-08,14132.469286878159,2100.0,0.145
2026-01-09,13996.538643608948,2100.0,0.145
2026-01-12,13890.719708987106,2100.0,0.145
2026-01-13,13910.506690608947,2100.0,0.145
2026-01-14,13904.483823782104,2100.0,0.145
2026-01-15,14065.364468557633,2100.0,0.145
2026-01-16,14194.412398057633,2100.0,0.145
2026-01-20,14024.068185942368,2100.0,0.145
2026-01-21,14270.980783717896,2100.0,0.145
2026-01-22,14360.45343723079,2100.0,0.145
2026-01-23,14350.130022948684,2100.0,0.145
2026-01-26,14362.174443858949,2100.0,0.145
2026-01-27,14357.872583660263,2100.0,0.145
2026-01-28,14186.66852460263,2100.0,0.145
2026-01-29,14148.815567987107,2100.0,0.145
2026-01-30,14228.824654160264,2100.0,0.145
2026-02-02,14240.009228128158,2100.0,0.145
2026-02-03,14439.602676461578,2100.0,0.145
